id,name,gender,language,praise_text,meaning,category,keywords
1,Ade,male,yoruba,Ọmọ ọlọ́lá ọmọ akín ọmọ a kì í bẹ̀rù ogun Ade ọmọ ẹni tí ń jẹ́ kí ìdílé rẹ̀ láyọ̀ Ade ọmọ ẹni tí a fi ade ṣe ọlá Ade tí wọ́n bí láti inú ọlá àti ìyìn Ade ọmọ aládé tí ń rìn bí ọba,Child of royalty and bravery,royalty,brave;royal
2,Tunde,male,yoruba,Ọmọ tí a tún bí l'ọlá,One who is reborn into honor,honor,rebirth;honor
3,Sade,female,yoruba,Ọmọ ọlọ́lá aya ọba tí ń tan imọlẹ,Princess who shines like light,royalty,queen;light
4,Kunle,male,yoruba,Akín ọmọ jagunjagun tí ń gba ogun ja,Brave warrior who fights battles,warrior,war;strength
5,Yemi,unisex,yoruba,Ọmọ rere tí gbogbo ayé fẹ́,Good child loved by all,virtue,kindness;love
6,Bola,female,yoruba,Ọmọ ọlọ́lá tí ń gbe ade ayé,Child of wealth who carries the crown,wealth,wealth;crown
7,Femi,male,yoruba,Ọmọ tí gbogbo ènìyàn fẹ́ràn,One who is loved by everyone,love,kindness;people
8,Ayo,unisex,yoruba,Ọmọ ayọ̀ tí ń mú inú dùn,Child of joy who brings happiness,joy,happiness;peace
9,Kemi,female,yoruba,Ọmọ rere tí ń mú ìbùkún wá,Good child that brings blessings,blessing,blessing;goodness
10,Segun,male,yoruba,Akín tí ń ṣẹ́gun gbogbo ọ̀tá,Warrior who conquers enemies,warrior,victory;strength
12,Abike,female,yoruba,Abíke ọmọ tí a bí láti tọ́jú ọmọ tí a gbé lórí ìyàjẹ́ tí a kò fẹ́ kí ó jìyà Abíke tí a fi ọwọ́ rọ́ra gbé tí a fi ìfẹ́ yí ká Ọmọ tí ìyá ń sunkún ayọ̀ sí tí baba ń pe ní ọmọ ìyebíye Abíke tí kò gbọdọ̀ mọ ìrora ayé ọmọ tí a fi aṣọ àlà ṣe ìbọ̀rí tí a fi ọ̀rọ̀ rere kọ́ Abíke ẹni tí gbogbo ilé ń bójú tó tí gbogbo aráyé ń fẹ́ràn ọmọ tí a bí láti jẹ́ ayọ̀ ilé tí kò ní mọ ìnira Abíke alárinká tí ń tan ìmọ̀lẹ̀ ìfẹ́ ọmọ tí ìyìn ń tọ̀ lé tí ayé ń gbé ga ọmọ tí kò ní ṣubú nínú ayé Abíke ọmọ rere tí gbogbo ènìyàn ń yìn,Child born to be pampered and cherished,precious,care;love;protection
13,Olayemi,female,yoruba,Oláyẹmí ẹni tí ọlá yẹ mí ọmọ tí a bí wá sínú ọlá àti ọ̀la Oláyẹmí tí ayé ń fi ọlá yìn tí gbogbo ènìyàn ń fẹ́ràn ọmọ tí ìbùkún tẹ̀ lé láti ìkùn tí a bí láti jẹ́ ìyìn ilé Oláyẹmí tí kò mọ ìtìjú tí ń rìn pẹ̀lú ọlá ọmọ tí orí rẹ̀ dára tí ayé gbà Oláyẹmí ẹni tí ọlá kì í fi sílẹ̀ tí ìbùkún ń tọ̀ lé ní gbogbo ibi ọmọ tí a fi ayọ̀ gbé tí kò ní ṣubú nínú ayé Oláyẹmí alárinká tí ń tan ìmọ̀lẹ̀ ọlá ọmọ ẹni tí gbogbo ilé ń yìn tí ayé ń bọ̀wọ̀ fún Oláyẹmí tí gbogbo ọjọ́ rẹ̀ kún fún ìrẹ̀lẹ̀ àti ọlá ọmọ rere tí kò ní bàjẹ́ láé,Child whom wealth and honor befit,prosperity,honor;wealth;blessing
14,Lisabi,all,yoruba,"Ọmọ ọlọ́lá, Ọmọ tí ń jẹ́ kí orúkọ ìdílé rẹ̀ yọ. A kì í fi ọmọ rere wé ọmọ búburú. Ọmọ akíkanjú tí kò mọ̀ ẹ̀yìn. Ọlá àti ìyì ni ń tẹ̀lé wọn.","Representative praise highlighting honour, courage and noble ancestry. Authentic full oríkì differ by lineage and branch.",oriki_idile,ogun;egba;lineage
15,Sodeke,all,yoruba,"Ọmọ ọlọ́lá, Ọmọ tí ń jẹ́ kí orúkọ ìdílé rẹ̀ yọ. A kì í fi ọmọ rere wé ọmọ búburú. Ọmọ akíkanjú tí kò mọ̀ ẹ̀yìn. Ọlá àti ìyì ni ń tẹ̀lé wọn.","Representative praise highlighting honour, courage and noble ancestry. Authentic full oríkì differ by lineage and branch.",oriki_idile,ogun;egba;lineage
16,Fagbemi,all,yoruba,"Ọmọ ọlọ́lá, Ọmọ tí ń jẹ́ kí orúkọ ìdílé rẹ̀ yọ. A kì í fi ọmọ rere wé ọmọ búburú. Ọmọ akíkanjú tí kò mọ̀ ẹ̀yìn. Ọlá àti ìyì ni ń tẹ̀lé wọn.","Representative praise highlighting honour, courage and noble ancestry. Authentic full oríkì differ by lineage and branch.",oriki_idile,ogun;egba;lineage
17,Kuku,all,yoruba,"Ọmọ ọlọ́lá, Ọmọ tí ń jẹ́ kí orúkọ ìdílé rẹ̀ yọ. A kì í fi ọmọ rere wé ọmọ búburú. Ọmọ akíkanjú tí kò mọ̀ ẹ̀yìn. Ọlá àti ìyì ni ń tẹ̀lé wọn.","Representative praise highlighting honour, courage and noble ancestry. Authentic full oríkì differ by lineage and branch.",oriki_idile,ogun;ijebu;lineage
18,Fusengbuwa,all,yoruba,"Ọmọ ọlọ́lá, Ọmọ tí ń jẹ́ kí orúkọ ìdílé rẹ̀ yọ. A kì í fi ọmọ rere wé ọmọ búburú. Ọmọ akíkanjú tí kò mọ̀ ẹ̀yìn. Ọlá àti ìyì ni ń tẹ̀lé wọn.","Representative praise highlighting honour, courage and noble ancestry. Authentic full oríkì differ by lineage and branch.",oriki_idile,ogun;ijebu;lineage
19,Awujale,all,yoruba,"Ọmọ ọlọ́lá, Ọmọ tí ń jẹ́ kí orúkọ ìdílé rẹ̀ yọ. A kì í fi ọmọ rere wé ọmọ búburú. Ọmọ akíkanjú tí kò mọ̀ ẹ̀yìn. Ọlá àti ìyì ni ń tẹ̀lé wọn.","Representative praise highlighting honour, courage and noble ancestry. Authentic full oríkì differ by lineage and branch.",oriki_idile,ogun;ijebu;lineage
20,Akarigbo,all,yoruba,"Ọmọ ọlọ́lá, Ọmọ tí ń jẹ́ kí orúkọ ìdílé rẹ̀ yọ. A kì í fi ọmọ rere wé ọmọ búburú. Ọmọ akíkanjú tí kò mọ̀ ẹ̀yìn. Ọlá àti ìyì ni ń tẹ̀lé wọn.","Representative praise highlighting honour, courage and noble ancestry. Authentic full oríkì differ by lineage and branch.",oriki_idile,ogun;remo;lineage
21,Solarin,all,yoruba,"Ọmọ ọlọ́lá, Ọmọ tí ń jẹ́ kí orúkọ ìdílé rẹ̀ yọ. A kì í fi ọmọ rere wé ọmọ búburú. Ọmọ akíkanjú tí kò mọ̀ ẹ̀yìn. Ọlá àti ìyì ni ń tẹ̀lé wọn.","Representative praise highlighting honour, courage and noble ancestry. Authentic full oríkì differ by lineage and branch.",oriki_idile,ogun;remo;lineage
22,Salako,all,yoruba,"Ọmọ ọlọ́lá, Ọmọ tí ń jẹ́ kí orúkọ ìdílé rẹ̀ yọ. A kì í fi ọmọ rere wé ọmọ búburú. Ọmọ akíkanjú tí kò mọ̀ ẹ̀yìn. Ọlá àti ìyì ni ń tẹ̀lé wọn.","Representative praise highlighting honour, courage and noble ancestry. Authentic full oríkì differ by lineage and branch.",oriki_idile,ogun;yewa;lineage
23,Odugbemi,all,yoruba,"Ọmọ ọlọ́lá, Ọmọ tí ń jẹ́ kí orúkọ ìdílé rẹ̀ yọ. A kì í fi ọmọ rere wé ọmọ búburú. Ọmọ akíkanjú tí kò mọ̀ ẹ̀yìn. Ọlá àti ìyì ni ń tẹ̀lé wọn.","Representative praise highlighting honour, courage and noble ancestry. Authentic full oríkì differ by lineage and branch.",oriki_idile,ogun;yewa;lineage
24,Adeyemi,all,yoruba,"Ọmọ ọlọ́lá, Ọmọ tí ń jẹ́ kí orúkọ ìdílé rẹ̀ yọ. A kì í fi ọmọ rere wé ọmọ búburú. Ọmọ akíkanjú tí kò mọ̀ ẹ̀yìn. Ọlá àti ìyì ni ń tẹ̀lé wọn.","Representative praise highlighting honour, courage and noble ancestry. Authentic full oríkì differ by lineage and branch.",oriki_idile,oyo;lineage
25,Balogun,all,yoruba,"Ọmọ ọlọ́lá, Ọmọ tí ń jẹ́ kí orúkọ ìdílé rẹ̀ yọ. A kì í fi ọmọ rere wé ọmọ búburú. Ọmọ akíkanjú tí kò mọ̀ ẹ̀yìn. Ọlá àti ìyì ni ń tẹ̀lé wọn.","Representative praise highlighting honour, courage and noble ancestry. Authentic full oríkì differ by lineage and branch.",oriki_idile,oyo;lineage
26,Afonja,all,yoruba,"Ọmọ ọlọ́lá, Ọmọ tí ń jẹ́ kí orúkọ ìdílé rẹ̀ yọ. A kì í fi ọmọ rere wé ọmọ búburú. Ọmọ akíkanjú tí kò mọ̀ ẹ̀yìn. Ọlá àti ìyì ni ń tẹ̀lé wọn.","Representative praise highlighting honour, courage and noble ancestry. Authentic full oríkì differ by lineage and branch.",oriki_idile,oyo;lineage
27,Agunbiade,all,yoruba,"Ọmọ ọlọ́lá, Ọmọ tí ń jẹ́ kí orúkọ ìdílé rẹ̀ yọ. A kì í fi ọmọ rere wé ọmọ búburú. Ọmọ akíkanjú tí kò mọ̀ ẹ̀yìn. Ọlá àti ìyì ni ń tẹ̀lé wọn.","Representative praise highlighting honour, courage and noble ancestry. Authentic full oríkì differ by lineage and branch.",oriki_idile,oyo;lineage
28,Adegoke,all,yoruba,"Ọmọ ọlọ́lá, Ọmọ tí ń jẹ́ kí orúkọ ìdílé rẹ̀ yọ. A kì í fi ọmọ rere wé ọmọ búburú. Ọmọ akíkanjú tí kò mọ̀ ẹ̀yìn. Ọlá àti ìyì ni ń tẹ̀lé wọn.","Representative praise highlighting honour, courage and noble ancestry. Authentic full oríkì differ by lineage and branch.",oriki_idile,oyo;lineage
29,Ajayi,all,yoruba,"Ọmọ ọlọ́lá, Ọmọ tí ń jẹ́ kí orúkọ ìdílé rẹ̀ yọ. A kì í fi ọmọ rere wé ọmọ búburú. Ọmọ akíkanjú tí kò mọ̀ ẹ̀yìn. Ọlá àti ìyì ni ń tẹ̀lé wọn.","Representative praise highlighting honour, courage and noble ancestry. Authentic full oríkì differ by lineage and branch.",oriki_idile,oyo;lineage
30,Akintola,all,yoruba,"Ọmọ ọlọ́lá, Ọmọ tí ń jẹ́ kí orúkọ ìdílé rẹ̀ yọ. A kì í fi ọmọ rere wé ọmọ búburú. Ọmọ akíkanjú tí kò mọ̀ ẹ̀yìn. Ọlá àti ìyì ni ń tẹ̀lé wọn.","Representative praise highlighting honour, courage and noble ancestry. Authentic full oríkì differ by lineage and branch.",oriki_idile,oyo;lineage
31,Akinola,all,yoruba,"Ọmọ ọlọ́lá, Ọmọ tí ń jẹ́ kí orúkọ ìdílé rẹ̀ yọ. A kì í fi ọmọ rere wé ọmọ búburú. Ọmọ akíkanjú tí kò mọ̀ ẹ̀yìn. Ọlá àti ìyì ni ń tẹ̀lé wọn.","Representative praise highlighting honour, courage and noble ancestry. Authentic full oríkì differ by lineage and branch.",oriki_idile,oyo;lineage
32,Basorun,all,yoruba,"Ọmọ ọlọ́lá, Ọmọ tí ń jẹ́ kí orúkọ ìdílé rẹ̀ yọ. A kì í fi ọmọ rere wé ọmọ búburú. Ọmọ akíkanjú tí kò mọ̀ ẹ̀yìn. Ọlá àti ìyì ni ń tẹ̀lé wọn.","Representative praise highlighting honour, courage and noble ancestry. Authentic full oríkì differ by lineage and branch.",oriki_idile,oyo;lineage
33,Olubadan,all,yoruba,"Ọmọ ọlọ́lá, Ọmọ tí ń jẹ́ kí orúkọ ìdílé rẹ̀ yọ. A kì í fi ọmọ rere wé ọmọ búburú. Ọmọ akíkanjú tí kò mọ̀ ẹ̀yìn. Ọlá àti ìyì ni ń tẹ̀lé wọn.","Representative praise highlighting honour, courage and noble ancestry. Authentic full oríkì differ by lineage and branch.",oriki_idile,oyo;lineage
34,Ooni,all,yoruba,"Ọmọ ọlọ́lá, Ọmọ tí ń jẹ́ kí orúkọ ìdílé rẹ̀ yọ. A kì í fi ọmọ rere wé ọmọ búburú. Ọmọ akíkanjú tí kò mọ̀ ẹ̀yìn. Ọlá àti ìyì ni ń tẹ̀lé wọn.","Representative praise highlighting honour, courage and noble ancestry. Authentic full oríkì differ by lineage and branch.",oriki_idile,osun;lineage
35,Lafogido,all,yoruba,"Ọmọ ọlọ́lá, Ọmọ tí ń jẹ́ kí orúkọ ìdílé rẹ̀ yọ. A kì í fi ọmọ rere wé ọmọ búburú. Ọmọ akíkanjú tí kò mọ̀ ẹ̀yìn. Ọlá àti ìyì ni ń tẹ̀lé wọn.","Representative praise highlighting honour, courage and noble ancestry. Authentic full oríkì differ by lineage and branch.",oriki_idile,osun;lineage
36,Obalufe,all,yoruba,"Ọmọ ọlọ́lá, Ọmọ tí ń jẹ́ kí orúkọ ìdílé rẹ̀ yọ. A kì í fi ọmọ rere wé ọmọ búburú. Ọmọ akíkanjú tí kò mọ̀ ẹ̀yìn. Ọlá àti ìyì ni ń tẹ̀lé wọn.","Representative praise highlighting honour, courage and noble ancestry. Authentic full oríkì differ by lineage and branch.",oriki_idile,osun;lineage
37,Omisakin,all,yoruba,"Ọmọ ọlọ́lá, Ọmọ tí ń jẹ́ kí orúkọ ìdílé rẹ̀ yọ. A kì í fi ọmọ rere wé ọmọ búburú. Ọmọ akíkanjú tí kò mọ̀ ẹ̀yìn. Ọlá àti ìyì ni ń tẹ̀lé wọn.","Representative praise highlighting honour, courage and noble ancestry. Authentic full oríkì differ by lineage and branch.",oriki_idile,osun;lineage
38,Owa Obokun,all,yoruba,"Ọmọ ọlọ́lá, Ọmọ tí ń jẹ́ kí orúkọ ìdílé rẹ̀ yọ. A kì í fi ọmọ rere wé ọmọ búburú. Ọmọ akíkanjú tí kò mọ̀ ẹ̀yìn. Ọlá àti ìyì ni ń tẹ̀lé wọn.","Representative praise highlighting honour, courage and noble ancestry. Authentic full oríkì differ by lineage and branch.",oriki_idile,osun;lineage
39,Fajemisin,all,yoruba,"Ọmọ ọlọ́lá, Ọmọ tí ń jẹ́ kí orúkọ ìdílé rẹ̀ yọ. A kì í fi ọmọ rere wé ọmọ búburú. Ọmọ akíkanjú tí kò mọ̀ ẹ̀yìn. Ọlá àti ìyì ni ń tẹ̀lé wọn.","Representative praise highlighting honour, courage and noble ancestry. Authentic full oríkì differ by lineage and branch.",oriki_idile,osun;lineage
40,Adedeji,all,yoruba,"Ọmọ ọlọ́lá, Ọmọ tí ń jẹ́ kí orúkọ ìdílé rẹ̀ yọ. A kì í fi ọmọ rere wé ọmọ búburú. Ọmọ akíkanjú tí kò mọ̀ ẹ̀yìn. Ọlá àti ìyì ni ń tẹ̀lé wọn.","Representative praise highlighting honour, courage and noble ancestry. Authentic full oríkì differ by lineage and branch.",oriki_idile,osun;lineage
41,Adeoti,all,yoruba,"Ọmọ ọlọ́lá, Ọmọ tí ń jẹ́ kí orúkọ ìdílé rẹ̀ yọ. A kì í fi ọmọ rere wé ọmọ búburú. Ọmọ akíkanjú tí kò mọ̀ ẹ̀yìn. Ọlá àti ìyì ni ń tẹ̀lé wọn.","Representative praise highlighting honour, courage and noble ancestry. Authentic full oríkì differ by lineage and branch.",oriki_idile,osun;lineage
42,Akinyemi,all,yoruba,"Ọmọ ọlọ́lá, Ọmọ tí ń jẹ́ kí orúkọ ìdílé rẹ̀ yọ. A kì í fi ọmọ rere wé ọmọ búburú. Ọmọ akíkanjú tí kò mọ̀ ẹ̀yìn. Ọlá àti ìyì ni ń tẹ̀lé wọn.","Representative praise highlighting honour, courage and noble ancestry. Authentic full oríkì differ by lineage and branch.",oriki_idile,osun;lineage
43,Awolowo,all,yoruba,"Ọmọ ọlọ́lá, Ọmọ tí ń jẹ́ kí orúkọ ìdílé rẹ̀ yọ. A kì í fi ọmọ rere wé ọmọ búburú. Ọmọ akíkanjú tí kò mọ̀ ẹ̀yìn. Ọlá àti ìyì ni ń tẹ̀lé wọn.","Representative praise highlighting honour, courage and noble ancestry. Authentic full oríkì differ by lineage and branch.",oriki_idile,osun;lineage
44,Adesida,all,yoruba,"Ọmọ ọlọ́lá, Ọmọ tí ń jẹ́ kí orúkọ ìdílé rẹ̀ yọ. A kì í fi ọmọ rere wé ọmọ búburú. Ọmọ akíkanjú tí kò mọ̀ ẹ̀yìn. Ọlá àti ìyì ni ń tẹ̀lé wọn.","Representative praise highlighting honour, courage and noble ancestry. Authentic full oríkì differ by lineage and branch.",oriki_idile,ondo;lineage
45,Adegoroye,all,yoruba,"Ọmọ ọlọ́lá, Ọmọ tí ń jẹ́ kí orúkọ ìdílé rẹ̀ yọ. A kì í fi ọmọ rere wé ọmọ búburú. Ọmọ akíkanjú tí kò mọ̀ ẹ̀yìn. Ọlá àti ìyì ni ń tẹ̀lé wọn.","Representative praise highlighting honour, courage and noble ancestry. Authentic full oríkì differ by lineage and branch.",oriki_idile,ondo;lineage
46,Ajapada,all,yoruba,"Ọmọ ọlọ́lá, Ọmọ tí ń jẹ́ kí orúkọ ìdílé rẹ̀ yọ. A kì í fi ọmọ rere wé ọmọ búburú. Ọmọ akíkanjú tí kò mọ̀ ẹ̀yìn. Ọlá àti ìyì ni ń tẹ̀lé wọn.","Representative praise highlighting honour, courage and noble ancestry. Authentic full oríkì differ by lineage and branch.",oriki_idile,ondo;lineage
47,Lisa,all,yoruba,"Ọmọ ọlọ́lá, Ọmọ tí ń jẹ́ kí orúkọ ìdílé rẹ̀ yọ. A kì í fi ọmọ rere wé ọmọ búburú. Ọmọ akíkanjú tí kò mọ̀ ẹ̀yìn. Ọlá àti ìyì ni ń tẹ̀lé wọn.","Representative praise highlighting honour, courage and noble ancestry. Authentic full oríkì differ by lineage and branch.",oriki_idile,ondo;lineage
48,Odopetu,all,yoruba,"Ọmọ ọlọ́lá, Ọmọ tí ń jẹ́ kí orúkọ ìdílé rẹ̀ yọ. A kì í fi ọmọ rere wé ọmọ búburú. Ọmọ akíkanjú tí kò mọ̀ ẹ̀yìn. Ọlá àti ìyì ni ń tẹ̀lé wọn.","Representative praise highlighting honour, courage and noble ancestry. Authentic full oríkì differ by lineage and branch.",oriki_idile,ondo;lineage
49,Elemo,all,yoruba,"Ọmọ ọlọ́lá, Ọmọ tí ń jẹ́ kí orúkọ ìdílé rẹ̀ yọ. A kì í fi ọmọ rere wé ọmọ búburú. Ọmọ akíkanjú tí kò mọ̀ ẹ̀yìn. Ọlá àti ìyì ni ń tẹ̀lé wọn.","Representative praise highlighting honour, courage and noble ancestry. Authentic full oríkì differ by lineage and branch.",oriki_idile,ondo;lineage
50,Odundun,all,yoruba,"Ọmọ ọlọ́lá, Ọmọ tí ń jẹ́ kí orúkọ ìdílé rẹ̀ yọ. A kì í fi ọmọ rere wé ọmọ búburú. Ọmọ akíkanjú tí kò mọ̀ ẹ̀yìn. Ọlá àti ìyì ni ń tẹ̀lé wọn.","Representative praise highlighting honour, courage and noble ancestry. Authentic full oríkì differ by lineage and branch.",oriki_idile,ondo;lineage
51,Adegbonmire,all,yoruba,"Ọmọ ọlọ́lá, Ọmọ tí ń jẹ́ kí orúkọ ìdílé rẹ̀ yọ. A kì í fi ọmọ rere wé ọmọ búburú. Ọmọ akíkanjú tí kò mọ̀ ẹ̀yìn. Ọlá àti ìyì ni ń tẹ̀lé wọn.","Representative praise highlighting honour, courage and noble ancestry. Authentic full oríkì differ by lineage and branch.",oriki_idile,ondo;lineage
52,Deji,all,yoruba,"Ọmọ ọlọ́lá, Ọmọ tí ń jẹ́ kí orúkọ ìdílé rẹ̀ yọ. A kì í fi ọmọ rere wé ọmọ búburú. Ọmọ akíkanjú tí kò mọ̀ ẹ̀yìn. Ọlá àti ìyì ni ń tẹ̀lé wọn.","Representative praise highlighting honour, courage and noble ancestry. Authentic full oríkì differ by lineage and branch.",oriki_idile,ondo;lineage
53,Asodeboyede,all,yoruba,"Ọmọ ọlọ́lá, Ọmọ tí ń jẹ́ kí orúkọ ìdílé rẹ̀ yọ. A kì í fi ọmọ rere wé ọmọ búburú. Ọmọ akíkanjú tí kò mọ̀ ẹ̀yìn. Ọlá àti ìyì ni ń tẹ̀lé wọn.","Representative praise highlighting honour, courage and noble ancestry. Authentic full oríkì differ by lineage and branch.",oriki_idile,ondo;lineage
54,Fayemi,all,yoruba,"Ọmọ ọlọ́lá, Ọmọ tí ń jẹ́ kí orúkọ ìdílé rẹ̀ yọ. A kì í fi ọmọ rere wé ọmọ búburú. Ọmọ akíkanjú tí kò mọ̀ ẹ̀yìn. Ọlá àti ìyì ni ń tẹ̀lé wọn.","Representative praise highlighting honour, courage and noble ancestry. Authentic full oríkì differ by lineage and branch.",oriki_idile,ekiti;lineage
55,Falayi,all,yoruba,"Ọmọ ọlọ́lá, Ọmọ tí ń jẹ́ kí orúkọ ìdílé rẹ̀ yọ. A kì í fi ọmọ rere wé ọmọ búburú. Ọmọ akíkanjú tí kò mọ̀ ẹ̀yìn. Ọlá àti ìyì ni ń tẹ̀lé wọn.","Representative praise highlighting honour, courage and noble ancestry. Authentic full oríkì differ by lineage and branch.",oriki_idile,ekiti;lineage
56,Akomolafe,all,yoruba,"Ọmọ ọlọ́lá, Ọmọ tí ń jẹ́ kí orúkọ ìdílé rẹ̀ yọ. A kì í fi ọmọ rere wé ọmọ búburú. Ọmọ akíkanjú tí kò mọ̀ ẹ̀yìn. Ọlá àti ìyì ni ń tẹ̀lé wọn.","Representative praise highlighting honour, courage and noble ancestry. Authentic full oríkì differ by lineage and branch.",oriki_idile,ekiti;lineage
57,Adebanjo,all,yoruba,"Ọmọ ọlọ́lá, Ọmọ tí ń jẹ́ kí orúkọ ìdílé rẹ̀ yọ. A kì í fi ọmọ rere wé ọmọ búburú. Ọmọ akíkanjú tí kò mọ̀ ẹ̀yìn. Ọlá àti ìyì ni ń tẹ̀lé wọn.","Representative praise highlighting honour, courage and noble ancestry. Authentic full oríkì differ by lineage and branch.",oriki_idile,ekiti;lineage
58,Adebayo,all,yoruba,"Ọmọ ọlọ́lá, Ọmọ tí ń jẹ́ kí orúkọ ìdílé rẹ̀ yọ. A kì í fi ọmọ rere wé ọmọ búburú. Ọmọ akíkanjú tí kò mọ̀ ẹ̀yìn. Ọlá àti ìyì ni ń tẹ̀lé wọn.","Representative praise highlighting honour, courage and noble ancestry. Authentic full oríkì differ by lineage and branch.",oriki_idile,ekiti;lineage
59,Elekole,all,yoruba,"Ọmọ ọlọ́lá, Ọmọ tí ń jẹ́ kí orúkọ ìdílé rẹ̀ yọ. A kì í fi ọmọ rere wé ọmọ búburú. Ọmọ akíkanjú tí kò mọ̀ ẹ̀yìn. Ọlá àti ìyì ni ń tẹ̀lé wọn.","Representative praise highlighting honour, courage and noble ancestry. Authentic full oríkì differ by lineage and branch.",oriki_idile,ekiti;lineage
60,Ogoga,all,yoruba,"Ọmọ ọlọ́lá, Ọmọ tí ń jẹ́ kí orúkọ ìdílé rẹ̀ yọ. A kì í fi ọmọ rere wé ọmọ búburú. Ọmọ akíkanjú tí kò mọ̀ ẹ̀yìn. Ọlá àti ìyì ni ń tẹ̀lé wọn.","Representative praise highlighting honour, courage and noble ancestry. Authentic full oríkì differ by lineage and branch.",oriki_idile,ekiti;lineage
61,Oore,all,yoruba,"Ọmọ ọlọ́lá, Ọmọ tí ń jẹ́ kí orúkọ ìdílé rẹ̀ yọ. A kì í fi ọmọ rere wé ọmọ búburú. Ọmọ akíkanjú tí kò mọ̀ ẹ̀yìn. Ọlá àti ìyì ni ń tẹ̀lé wọn.","Representative praise highlighting honour, courage and noble ancestry. Authentic full oríkì differ by lineage and branch.",oriki_idile,ekiti;lineage
62,Arinjale,all,yoruba,"Ọmọ ọlọ́lá, Ọmọ tí ń jẹ́ kí orúkọ ìdílé rẹ̀ yọ. A kì í fi ọmọ rere wé ọmọ búburú. Ọmọ akíkanjú tí kò mọ̀ ẹ̀yìn. Ọlá àti ìyì ni ń tẹ̀lé wọn.","Representative praise highlighting honour, courage and noble ancestry. Authentic full oríkì differ by lineage and branch.",oriki_idile,ekiti;lineage
63,Olowolafe,all,yoruba,"Ọmọ ọlọ́lá, Ọmọ tí ń jẹ́ kí orúkọ ìdílé rẹ̀ yọ. A kì í fi ọmọ rere wé ọmọ búburú. Ọmọ akíkanjú tí kò mọ̀ ẹ̀yìn. Ọlá àti ìyì ni ń tẹ̀lé wọn.","Representative praise highlighting honour, courage and noble ancestry. Authentic full oríkì differ by lineage and branch.",oriki_idile,ekiti;lineage
64,Idejo,all,yoruba,"Ọmọ ọlọ́lá, Ọmọ tí ń jẹ́ kí orúkọ ìdílé rẹ̀ yọ. A kì í fi ọmọ rere wé ọmọ búburú. Ọmọ akíkanjú tí kò mọ̀ ẹ̀yìn. Ọlá àti ìyì ni ń tẹ̀lé wọn.","Representative praise highlighting honour, courage and noble ancestry. Authentic full oríkì differ by lineage and branch.",oriki_idile,lagos;lineage
65,Oniru,all,yoruba,"Ọmọ ọlọ́lá, Ọmọ tí ń jẹ́ kí orúkọ ìdílé rẹ̀ yọ. A kì í fi ọmọ rere wé ọmọ búburú. Ọmọ akíkanjú tí kò mọ̀ ẹ̀yìn. Ọlá àti ìyì ni ń tẹ̀lé wọn.","Representative praise highlighting honour, courage and noble ancestry. Authentic full oríkì differ by lineage and branch.",oriki_idile,lagos;lineage
66,Elegushi,all,yoruba,"Ọmọ ọlọ́lá, Ọmọ tí ń jẹ́ kí orúkọ ìdílé rẹ̀ yọ. A kì í fi ọmọ rere wé ọmọ búburú. Ọmọ akíkanjú tí kò mọ̀ ẹ̀yìn. Ọlá àti ìyì ni ń tẹ̀lé wọn.","Representative praise highlighting honour, courage and noble ancestry. Authentic full oríkì differ by lineage and branch.",oriki_idile,lagos;lineage
67,Osolo,all,yoruba,"Ọmọ ọlọ́lá, Ọmọ tí ń jẹ́ kí orúkọ ìdílé rẹ̀ yọ. A kì í fi ọmọ rere wé ọmọ búburú. Ọmọ akíkanjú tí kò mọ̀ ẹ̀yìn. Ọlá àti ìyì ni ń tẹ̀lé wọn.","Representative praise highlighting honour, courage and noble ancestry. Authentic full oríkì differ by lineage and branch.",oriki_idile,lagos;lineage
68,Ojora,all,yoruba,"Ọmọ ọlọ́lá, Ọmọ tí ń jẹ́ kí orúkọ ìdílé rẹ̀ yọ. A kì í fi ọmọ rere wé ọmọ búburú. Ọmọ akíkanjú tí kò mọ̀ ẹ̀yìn. Ọlá àti ìyì ni ń tẹ̀lé wọn.","Representative praise highlighting honour, courage and noble ancestry. Authentic full oríkì differ by lineage and branch.",oriki_idile,lagos;lineage
69,Aromire,all,yoruba,"Ọmọ ọlọ́lá, Ọmọ tí ń jẹ́ kí orúkọ ìdílé rẹ̀ yọ. A kì í fi ọmọ rere wé ọmọ búburú. Ọmọ akíkanjú tí kò mọ̀ ẹ̀yìn. Ọlá àti ìyì ni ń tẹ̀lé wọn.","Representative praise highlighting honour, courage and noble ancestry. Authentic full oríkì differ by lineage and branch.",oriki_idile,lagos;lineage
70,Oloto,all,yoruba,"Ọmọ ọlọ́lá, Ọmọ tí ń jẹ́ kí orúkọ ìdílé rẹ̀ yọ. A kì í fi ọmọ rere wé ọmọ búburú. Ọmọ akíkanjú tí kò mọ̀ ẹ̀yìn. Ọlá àti ìyì ni ń tẹ̀lé wọn.","Representative praise highlighting honour, courage and noble ancestry. Authentic full oríkì differ by lineage and branch.",oriki_idile,lagos;lineage
71,Ashipa,all,yoruba,"Ọmọ ọlọ́lá, Ọmọ tí ń jẹ́ kí orúkọ ìdílé rẹ̀ yọ. A kì í fi ọmọ rere wé ọmọ búburú. Ọmọ akíkanjú tí kò mọ̀ ẹ̀yìn. Ọlá àti ìyì ni ń tẹ̀lé wọn.","Representative praise highlighting honour, courage and noble ancestry. Authentic full oríkì differ by lineage and branch.",oriki_idile,lagos;lineage
72,Oyekan,all,yoruba,"Ọmọ ọlọ́lá, Ọmọ tí ń jẹ́ kí orúkọ ìdílé rẹ̀ yọ. A kì í fi ọmọ rere wé ọmọ búburú. Ọmọ akíkanjú tí kò mọ̀ ẹ̀yìn. Ọlá àti ìyì ni ń tẹ̀lé wọn.","Representative praise highlighting honour, courage and noble ancestry. Authentic full oríkì differ by lineage and branch.",oriki_idile,lagos;lineage
73,Tinubu,all,yoruba,"Ọmọ ọlọ́lá, Ọmọ tí ń jẹ́ kí orúkọ ìdílé rẹ̀ yọ. A kì í fi ọmọ rere wé ọmọ búburú. Ọmọ akíkanjú tí kò mọ̀ ẹ̀yìn. Ọlá àti ìyì ni ń tẹ̀lé wọn.","Representative praise highlighting honour, courage and noble ancestry. Authentic full oríkì differ by lineage and branch.",oriki_idile,lagos;lineage
74,Afon,all,yoruba,"Ọmọ ọlọ́lá, Ọmọ tí ń jẹ́ kí orúkọ ìdílé rẹ̀ yọ. A kì í fi ọmọ rere wé ọmọ búburú. Ọmọ akíkanjú tí kò mọ̀ ẹ̀yìn. Ọlá àti ìyì ni ń tẹ̀lé wọn.","Representative praise highlighting honour, courage and noble ancestry. Authentic full oríkì differ by lineage and branch.",oriki_idile,kwara;lineage
75,Jimoh,all,yoruba,"Ọmọ ọlọ́lá, Ọmọ tí ń jẹ́ kí orúkọ ìdílé rẹ̀ yọ. A kì í fi ọmọ rere wé ọmọ búburú. Ọmọ akíkanjú tí kò mọ̀ ẹ̀yìn. Ọlá àti ìyì ni ń tẹ̀lé wọn.","Representative praise highlighting honour, courage and noble ancestry. Authentic full oríkì differ by lineage and branch.",oriki_idile,kwara;lineage
76,Belgore,all,yoruba,"Ọmọ ọlọ́lá, Ọmọ tí ń jẹ́ kí orúkọ ìdílé rẹ̀ yọ. A kì í fi ọmọ rere wé ọmọ búburú. Ọmọ akíkanjú tí kò mọ̀ ẹ̀yìn. Ọlá àti ìyì ni ń tẹ̀lé wọn.","Representative praise highlighting honour, courage and noble ancestry. Authentic full oríkì differ by lineage and branch.",oriki_idile,kwara;lineage
77,Laaro,all,yoruba,"Ọmọ ọlọ́lá, Ọmọ tí ń jẹ́ kí orúkọ ìdílé rẹ̀ yọ. A kì í fi ọmọ rere wé ọmọ búburú. Ọmọ akíkanjú tí kò mọ̀ ẹ̀yìn. Ọlá àti ìyì ni ń tẹ̀lé wọn.","Representative praise highlighting honour, courage and noble ancestry. Authentic full oríkì differ by lineage and branch.",oriki_idile,kwara;lineage
78,Gobir,all,yoruba,"Ọmọ ọlọ́lá, Ọmọ tí ń jẹ́ kí orúkọ ìdílé rẹ̀ yọ. A kì í fi ọmọ rere wé ọmọ búburú. Ọmọ akíkanjú tí kò mọ̀ ẹ̀yìn. Ọlá àti ìyì ni ń tẹ̀lé wọn.","Representative praise highlighting honour, courage and noble ancestry. Authentic full oríkì differ by lineage and branch.",oriki_idile,kwara;lineage
79,Balogun Alanamu,all,yoruba,"Ọmọ ọlọ́lá, Ọmọ tí ń jẹ́ kí orúkọ ìdílé rẹ̀ yọ. A kì í fi ọmọ rere wé ọmọ búburú. Ọmọ akíkanjú tí kò mọ̀ ẹ̀yìn. Ọlá àti ìyì ni ń tẹ̀lé wọn.","Representative praise highlighting honour, courage and noble ancestry. Authentic full oríkì differ by lineage and branch.",oriki_idile,kwara;lineage
80,Gambari,all,yoruba,"Ọmọ ọlọ́lá, Ọmọ tí ń jẹ́ kí orúkọ ìdílé rẹ̀ yọ. A kì í fi ọmọ rere wé ọmọ búburú. Ọmọ akíkanjú tí kò mọ̀ ẹ̀yìn. Ọlá àti ìyì ni ń tẹ̀lé wọn.","Representative praise highlighting honour, courage and noble ancestry. Authentic full oríkì differ by lineage and branch.",oriki_idile,kwara;lineage
81,Gambari,all,yoruba,"Ọmọ ọlọ́lá, Ọmọ tí ń jẹ́ kí orúkọ ìdílé rẹ̀ yọ. A kì í fi ọmọ rere wé ọmọ búburú. Ọmọ akíkanjú tí kò mọ̀ ẹ̀yìn. Ọlá àti ìyì ni ń tẹ̀lé wọn.","Representative praise highlighting honour, courage and noble ancestry. Authentic full oríkì differ by lineage and branch.",oriki_idile,kwara;sulu;lineage
82,Adeleke,all,yoruba,"Ọmọ ọlọ́lá, Ọmọ tí ń jẹ́ kí orúkọ ìdílé rẹ̀ yọ. A kì í fi ọmọ rere wé ọmọ búburú. Ọmọ akíkanjú tí kò mọ̀ ẹ̀yìn. Ọlá àti ìyì ni ń tẹ̀lé wọn.","Representative praise highlighting honour, courage and noble ancestry. Authentic full oríkì differ by lineage and branch.",oriki_idile,kwara;lineage
83,Olofa,all,yoruba,"Ọmọ ọlọ́lá, Ọmọ tí ń jẹ́ kí orúkọ ìdílé rẹ̀ yọ. A kì í fi ọmọ rere wé ọmọ búburú. Ọmọ akíkanjú tí kò mọ̀ ẹ̀yìn. Ọlá àti ìyì ni ń tẹ̀lé wọn.","Representative praise highlighting honour, courage and noble ancestry. Authentic full oríkì differ by lineage and branch.",oriki_idile,kwara;lineage
