"id","name","gender","language","praise_text","meaning","category","keywords"
"1","Ade","male","yoruba","Adé, ọmọ ọlọ́lá, ọmọ akín, ọmọ a kì í bẹ̀rù ogun,
Adé ọmọ ẹni tí ń jẹ́ kí ìdílé rẹ̀ láyọ̀,
Adé ọmọ ẹni tí a fi adé ṣe ọlá, tí a fi ìtẹ́ dá ìtàn,
Adé tí wọ́n bí láti inú ọlá àti ìyìn, láti inú ìran akíkanjú,
Adé ọmọ aládé tí ń rìn bí ọba, tí ẹsẹ̀ rẹ̀ kì í tẹ ilẹ̀ ìtìjú,
Adé, a kì í fi orí rẹ̀ tì lulẹ̀ níwájú ọ̀tá,
Adé ọmọ tí ìyìn ń tẹ̀lé bí òjìji tí kì í kúrò lára ẹni.","Child of royalty and bravery, born to carry the crown with honor","royalty","brave;royal;crown;lineage"
"2","Tunde","male","yoruba","Túndé, ọmọ tí a tún bí wá sínú ọlá ìdílé,
Túndé, ọmọ ẹni tí ó padà wá gẹ́gẹ́ bí ìbùkún baba ńlá,
Túndé tí ayé tún ṣí sílẹ̀ fún, tí ìdílé fi ayọ̀ pè lórúkọ,
Túndé, a kì í fi ìpadàbọ̀ rẹ̀ ṣe àìmọwọ́mẹsẹ̀,
Túndé ọmọ tí ẹ̀mí rẹ̀ jinlẹ̀ dé ibi tí ìran ti bẹ̀rẹ̀,
Túndé, ọmọ tí ilé ń fi ìgbéyìn ọlá ṣe àmì rẹ̀.","One who is reborn into honor, believed to carry a returning ancestral spirit","honor","rebirth;honor;ancestor;lineage"
"3","Sade","female","yoruba","Sadé, ọmọ ọlọ́lá, aya ọba tí ń tan ìmọ́lẹ̀,
Sadé, ọmọ tí a fi adé yí ká, tí ọlá jẹ́ ìbòrí rẹ̀,
Sadé, ẹwà rẹ̀ ń jó bí oòrùn àárọ̀ lórí omi Èkó,
Sadé, a kì í fi ọlá rẹ̀ pín sí ẹnikẹ́ni tí kò yẹ,
Sadé ọmọ tí gbogbo ọjọ́ rẹ̀ ń tan ìmọ́lẹ̀ sí ilé ìyá rẹ̀,
Sadé, ọmọ ọba tí ìgbéyìn rẹ̀ dání ọlá gbé.","Princess who shines like light, carrying the dignity of royalty","royalty","queen;light;royalty;grace"
"4","Kunle","male","yoruba","Kúnlé, akin ọmọ jagunjagun tí ń gba ogun jà,
Kúnlé, ọmọ tí ilé kún fún ọlá nítorí wíwà rẹ̀,
Kúnlé, akin tí kì í fi ẹ̀yìn han ọ̀tá,
Kúnlé, ọmọ tí àpáta jẹ́ ọ̀rọ̀ rẹ̀, tí ìjà jẹ́ orin rẹ̀,
Kúnlé, a kì í dá a lójú láàrin àwọn akin ilẹ̀ Yorùbá,
Kúnlé ọmọ tí orúkọ rẹ̀ ń kún ilé ìdílé pẹ̀lú ìgbóhùnsáfẹ́fẹ́ ìṣẹ́gun.","Brave warrior who fills the home with victory and honor","warrior","war;strength;victory;home"
"5","Yemi","unisex","yoruba","Yẹmi, ọmọ rere tí gbogbo ayé fẹ́,
Yẹmi, ọmọ tí ó yẹ ilé, tí ó yẹ orúkọ ìdílé,
Yẹmi, a kì í fi ìwà rere rẹ̀ pa mọ́ sí ẹnikẹ́ni,
Yẹmi, ọmọ tí àwọn àgbà ń fi ẹnu yìn, tí àwọn ọ̀dọ́ ń tẹ̀lé ìṣesí rẹ̀,
Yẹmi ọmọ tí ọ̀run yàn kí ó jẹ́ olólùfẹ́ ayé.","Good, fitting child loved and honored by all who know them","virtue","kindness;love;character"
"6","Bola","female","yoruba","Bọ́lá, ọmọ ọlọ́lá tí ń gbé adé ayé,
Bọ́lá, ọmọ tí ọrọ̀ àti ọlá jọ ń tọ̀ lé láti ìgbà ìbí,
Bọ́lá, a kì í fi ọlá rẹ̀ ṣe kékeré láàrin àwọn ẹgbẹ́ rẹ̀,
Bọ́lá, ọmọ tí ìlú ń wò pẹ̀lú ọ̀wọ̀ àti ìfẹ́,
Bọ́lá ọmọ tí ìran rẹ̀ kì í ṣubú sínú ipò kékeré.","Child of wealth who carries the crown of a prosperous life","wealth","wealth;crown;prosperity"
"7","Femi","male","yoruba","Fẹ́mi, ọmọ tí gbogbo ènìyàn fẹ́ràn,
Fẹ́mi, ọmọ ìfẹ́ tí kì í mọ ìkórìíra,
Fẹ́mi, a kì í fi í sílẹ̀ láàrin ìjọ ènìyàn láì kí i,
Fẹ́mi, ọmọ tí ọ̀rọ̀ rẹ̀ dùn bí oyin ní ẹnu àwọn tó bá pàdé rẹ̀,
Fẹ́mi ọmọ tí ìfẹ́ ilé ń tẹ̀lé ní ìgbésẹ̀ gbogbo.","One loved by everyone, whose warmth draws people near","love","kindness;people;affection"
"8","Ayo","unisex","yoruba","Ayọ̀, ọmọ ayọ̀ tí ń mú inú dùn,
Ayọ̀, ọmọ tí ẹ̀rín rẹ̀ ń pa ìbànújẹ́ ilé rẹ́,
Ayọ̀, a kì í fi ojú kanlẹ̀ pẹ́ láàrin àwọn ará ilé,
Ayọ̀, ọmọ tí wọ́n dárúkọ ní ọjọ́ tí ìdùnnú kún ilé,
Ayọ̀ ọmọ tí ìtura àti àlàáfíà jọ ń tẹ̀lé níbi gbogbo.","Child of joy who brings happiness and peace wherever they go","joy","happiness;peace;laughter"
"9","Kemi","female","yoruba","Kẹ́mi, ọmọ rere tí ń mú ìbùkún wá,
Kẹ́mi, ọmọ tí ọwọ́ rẹ̀ dá, tí ọ̀rọ̀ rẹ̀ ní ìwúwo rere,
Kẹ́mi, a kì í fojú fo ìran tí ó ti ọwọ́ Ọlọ́run wá,
Kẹ́mi, ọmọ tí ilé ń gbà pẹ̀lú ọwọ́ méjèèjì,
Kẹ́mi ọmọ tí ìbùkún ń tẹ̀lé láti ìgbà èwe títí di àgbà.","Good child that brings blessings to the family and beyond","blessing","blessing;goodness;fortune"
"10","Segun","male","yoruba","Ṣẹ́gun, akin tí ń ṣẹ́gun gbogbo ọ̀tá,
Ṣẹ́gun, ọmọ tí ìṣẹ́gun jẹ́ orúkọ rẹ̀, tí ìjà kì í borí i,
Ṣẹ́gun, a kì í dá a padà sẹ́yìn láàrin ìjà ayé,
Ṣẹ́gun, ọmọ tí ọ̀tá ń bẹ̀rù, tí ọ̀rẹ́ ń gbé kalẹ̀,
Ṣẹ́gun ọmọ tí orúkọ rẹ̀ jẹ́ ìkéde ìṣẹ́gun ayérayé.","Warrior who conquers every enemy and never bows in defeat","warrior","victory;strength;triumph"
"11","Wuraola","female","yoruba","Wúràọlá, ọmọ tí wúrà wà nínú ọlá rẹ̀,
Wúràọlá, ọmọ tí iyì rẹ̀ dàbí ohun ìyebíye tí kò ní iye owó,
Wúràọlá, a kì í fi ìdíyelé sí ọmọ tí ó jẹ́ wúrà ìdílé,
Wúràọlá, ọmọ tí ọlá àti ọrọ̀ jọ ń kọ orin ìdùnnú sí,
Wúràọlá, a kì í fi ẹ̀wà rẹ̀ ṣe àìmọyì láàrin àwọn ẹgbẹ́ rẹ̀.","Child likened to gold set within honor, precious and irreplaceable to the family","precious","wealth;precious;gold"
"12","Abike","female","yoruba","Abíke, ọmọ tí a bí láti tọ́jú, ọmọ tí a gbé lórí ìyàjẹ́,
tí a kò fẹ́ kí ó jìyà, Abíke tí a fi ọwọ́ rọ́ra gbé,
tí a fi ìfẹ́ yí ká, ọmọ tí ìyá ń sunkún ayọ̀ sí,
tí baba ń pe ní ọmọ ìyebíye, Abíke tí kò gbọdọ̀ mọ ìrora ayé,
ọmọ tí a fi aṣọ àlà ṣe ìbọ̀rí, tí a fi ọ̀rọ̀ rere kọ́,
Abíke ẹni tí gbogbo ilé ń bójú tó, tí gbogbo aráyé ń fẹ́ràn,
ọmọ tí a bí láti jẹ́ ayọ̀ ilé, tí kò ní mọ ìnira,
Abíke alárinká tí ń tan ìmọ̀lẹ̀ ìfẹ́, ọmọ tí ìyìn ń tọ̀ lé,
tí ayé ń gbé ga, ọmọ tí kò ní ṣubú nínú ayé,
Abíke ọmọ rere tí gbogbo ènìyàn ń yìn láìdábọ̀.","Child born to be pampered, cherished, and shielded from hardship","precious","care;love;protection;pampered"
"13","Olayemi","female","yoruba","Oláyẹmí, ẹni tí ọlá yẹ mí, ọmọ tí a bí wá sínú ọlá àti ọ̀la,
Oláyẹmí tí ayé ń fi ọlá yìn, tí gbogbo ènìyàn ń fẹ́ràn,
ọmọ tí ìbùkún tẹ̀ lé láti ìkùn, tí a bí láti jẹ́ ìyìn ilé,
Oláyẹmí tí kò mọ ìtìjú, tí ń rìn pẹ̀lú ọlá,
ọmọ tí orí rẹ̀ dára tí ayé gbà, Oláyẹmí ẹni tí ọlá kì í fi sílẹ̀,
tí ìbùkún ń tọ̀ lé ní gbogbo ibi, ọmọ tí a fi ayọ̀ gbé,
tí kò ní ṣubú nínú ayé, Oláyẹmí alárinká tí ń tan ìmọ̀lẹ̀ ọlá,
ọmọ ẹni tí gbogbo ilé ń yìn, tí ayé ń bọ̀wọ̀ fún,
Oláyẹmí tí gbogbo ọjọ́ rẹ̀ kún fún ìrẹ̀lẹ̀ àti ọlá,
ọmọ rere tí kò ní bàjẹ́ láé.","Child whom wealth and honor rightly befit, marked for lasting prosperity","prosperity","honor;wealth;blessing;dignity"
"14","Babatunde","male","yoruba","Babátúndé, ọmọ tí bàbá padà wá inú rẹ̀,
Babátúndé, ọmọ tí ìran baba ńlá ti bọ̀ wá sí ayé lẹ́ẹ̀kan sí i,
Babátúndé, a kì í fi ìtàn ìdílé rẹ̀ ṣe asán,
Babátúndé, ọmọ tí ojú rẹ̀ ń jọ ti àwọn tí ó ti lọ,
Babátúndé, ọmọ tí ẹ̀mí baba ńlá ń bójú tó láti ọ̀run wá,
Babátúndé ọmọ tí ìpadàbọ̀ rẹ̀ jẹ́ ìtùnú ńlá fún ìdílé.","Child believed to embody the returning spirit of a departed father or grandfather","honor","rebirth;ancestor;lineage;father"
"15","Folasade","female","yoruba","Fọláṣadé, ọmọ tí ọlá dé bá wa nípasẹ̀ rẹ̀,
Fọláṣadé, ọmọ tí ìwúwo ọ̀rọ̀ rẹ̀ jẹ́ ọlá àti ìtẹ́,
Fọláṣadé, a kì í fi ọlá rẹ̀ pín láàrin àwọn tí kò yẹ,
Fọláṣadé, ọmọ tí ìran rẹ̀ ń fi ìgbéga hàn ní ọjọ́ gbogbo,
Fọláṣadé ọmọ tí gbogbo ilé ń wò pẹ̀lú ẹ̀yẹ àti ìtara.","Child through whom honor and prosperity have arrived to the family","prosperity","honor;wealth;dignity"
"16","Morenike","female","yoruba","Mọ̀réníkẹ́, ọmọ tí a ń tọ́jú kí a lè ní,
Mọ̀réníkẹ́, ọmọ tí a fi ìrètí ọ̀pọ̀lọpọ̀ ọdún dá,
Mọ̀réníkẹ́, a kì í fi ọmọ tí a retí pẹ́ ṣe ẹlẹ́gbin,
Mọ̀réníkẹ́, ọmọ tí ìdùnnú ilé wà nínú ìdúró rẹ̀,
Mọ̀réníkẹ́ ọmọ tí ìfẹ́ ilé kò lè já sí méjì mọ́.","Long-awaited, cherished child kept and treasured by the family","precious","care;love;longing"
"17","Damilola","unisex","yoruba","Dàmiọ́lá, ọmọ tí ọlá dá mi pọ̀,
Dàmiọ́lá, ọmọ tí ìbùkún fi ara rẹ̀ kún ọjọ́ ìbí rẹ̀,
Dàmiọ́lá, a kì í fi ọlá tí ó dá mi pọ̀ ṣe kékeré,
Dàmiọ́lá, ọmọ tí ilé ń wo bí ìdí ìdàgbàsókè ọrọ̀,
Dàmiọ́lá ọmọ tí orúkọ rẹ̀ jẹ́ ìdúpẹ́ fún ọ̀pọ̀lọpọ̀ ìbùkún.","Child whose arrival added to the family's wealth and honor","blessing","wealth;gratitude;fortune"
"18","Adunni","female","yoruba","Adùnní, ọmọ tí a jọ ń fẹ́, ọmọ dídùn ni,
Adùnní, ọmọ tí a fi ìfẹ́ pọ̀n dà bí a ti ń pọ̀n oyin,
Adùnní, a kì í fi ẹ̀wà rẹ̀ ṣe àìsàn ọ̀rọ̀,
Adùnní, ọmọ tí ẹnu gbogbo ilé dùn sí,
Adùnní ọmọ tí a bí láti fi ìdùnnú kún ayé àwọn tí ó bí i.","Sweet, delightful child cherished by everyone in the household","joy","love;sweetness;delight"
"19","Oyindamola","female","yoruba","Oyindámọ́lá, ọmọ tí oyin dùn mọ́ mi bí ọlá,
Oyindámọ́lá, ọmọ tí ìdùnnú àti ọrọ̀ jọ ń kó sínú ọjọ́ rẹ̀,
Oyindámọ́lá, a kì í fi oyin ìbùkún rẹ̀ ṣe kékeré,
Oyindámọ́lá, ọmọ tí ẹnu ilé dùn sí bí i tí a ń jẹ oyin,
Oyindámọ́lá ọmọ tí ọ̀pọ̀lọpọ̀ ìdùnnú ń tẹ̀lé.","Child for whom sweetness and wealth mingle like honey with honor","joy","sweetness;wealth;delight"
"20","Gbeminiyi","male","yoruba","Gbẹ́miníyì, ọmọ tí a gbé mi ga ní ọjọ́ ìbí,
Gbẹ́miníyì, ọmọ tí ọlá gbé ìgbésí ayé rẹ̀ ró,
Gbẹ́miníyì, a kì í rẹ ẹni tí a ti gbé ga sílẹ̀,
Gbẹ́miníyì, ọmọ tí orúkọ rẹ̀ ń fi ìgbéga hàn níwájú ìjọ,
Gbẹ́miníyì ọmọ tí a bí láti gbé orúkọ ìdílé ga títí láé.","Child who was raised up in honor, meant to elevate the family's standing","honor","honor;elevation;dignity"
"21","Lisabi","all","yoruba","Lisábi Agbaakin, akin tí ó dá ẹgbẹ́ Aro sílẹ̀,
Ọmọ tí ó kó àwọn Ẹgbá jọ, tí ó sì já wọ́n gbà lọ́wọ́ àjàgà Ìbàdàn,
Lisábi, a kì í gbé orúkọ rẹ̀ kalẹ̀ láàrin Ẹgbá,
Akin tí ó fún ìlú ní òmìnira, tí orí rẹ̀ dá gbère,
Lisábi, ọmọ tí ohùn rẹ̀ ru àwọn àgbẹ̀ sókè sí ìjà òmìnira,
Lisábi, a kì í sọ ìtàn ìdìde Ẹgbá kúrò lábẹ́ ọwọ́ àjèjì láì dárúkọ rẹ̀,
Lisábi Agbaakin, ọmọ tí ìrànlọ́wọ́ rẹ̀ jẹ́ ìpìlẹ̀ṣẹ̀ ìṣọ̀kan Ẹgbá.","18th-century Egba warlord who organised the Aro age-grade society and led the Egba struggle for freedom from Oyo/Ibadan overlordship.","oriki_idile","ogun;egba;lineage;warrior"
"22","Sodeke","all","yoruba","Sódẹkẹ Baálogun Ẹgbá, ọmọ tí ó darí ìṣíkiri ńlá,
Ọmọ tí ó rí Olúmọ, tí ó sì gbé Ẹgbá karí lábẹ́ àpáta,
Sódẹkẹ, akin tí orúkọ rẹ̀ so pọ̀ mọ́ ìpilẹ̀ṣẹ̀ Abéòkúta,
A kì í sọ ìtàn ìṣílọ Ẹgbá láì dárúkọ Sódẹkẹ,
Sódẹkẹ, ọmọ tí ó tọ́ ọ̀nà àbò fún àwọn ìran tí ń bọ̀,
Sódẹkẹ Baálogun, a kì í gbàgbé ojú rẹ̀ nínú ìtàn Abéòkúta.","First Balogun (war leader) of the Egba, remembered for leading the people to Olumo Rock and founding Abeokuta around 1830.","oriki_idile","ogun;egba;lineage;abeokuta"
"23","Fagbemi","all","yoruba","Fágbẹ́mi, ọmọ tí Ifá gbé là,
Ọmọ tí ìmọ̀ àgbà ń tọ́ka ọ̀nà rẹ̀,
Fágbẹ́mi ọmọ Ẹgbá tí ìṣọ́ Ifá bò mọ́ra,
A kì í fi ọmọ tí Ifá ń ṣọ́ wé ọmọ tí kò ní ààbò,
Fágbẹ́mi, ọmọ tí àṣẹ Ifá ń tọ̀ lé láti orí dé ẹsẹ̀,
Fágbẹ́mi, a kì í rí ìdílé rẹ̀ láì rí àmì ìṣọ́ ọ̀run.","Egba lineage name meaning 'Ifa carried/saved me', invoking the guidance and protection of the Ifa oracle over the family.","oriki_idile","ogun;egba;lineage;ifa"
"24","Kuku","all","yoruba","Kùkú ọmọ ilé Ìjẹ̀bú Ọdẹ, akin oníṣòwò àti ológun,
Ọmọ tí orúkọ rẹ̀ dúró fún agbára àti ọrọ̀ láàrin àwọn Ìjẹ̀bú,
Kùkú, a kì í kọjá lọ láì kí ilé ńlá rẹ̀ ní Ìjẹ̀bú,
Kùkú, ọmọ tí òwò rẹ̀ gbilẹ̀ dé etí òkun àti ìpínlẹ̀ mìíràn,
Kùkú, ọmọ tí agbára rẹ̀ àti ọ̀wọ̀ ń rìn pọ̀ ní ìlú Ìjẹ̀bú.","Prominent Ijebu Ode chieftaincy family known historically for both military strength and trading influence in Ijebuland.","oriki_idile","ogun;ijebu;lineage;trade"
"25","Fusengbuwa","all","yoruba","Fúsẹ́ngbúwà, ọmọ ilé ọlá ní Ìjẹ̀bú,
Ọmọ tí a kò lè fi ọ̀rọ̀ àìmọ̀kan bù kù,
Fúsẹ́ngbúwà, ẹni tí ìtàn ìdílé rẹ̀ jìn sí Ìjẹ̀bú Ọdẹ àtijọ́,
Fúsẹ́ngbúwà, a kì í fi ipò ìdílé rẹ̀ ṣe àìnítumọ̀,
Fúsẹ́ngbúwà, ọmọ tí àwọn àgbà Ìjẹ̀bú ń gbé ka orúkọ ọlá.","An Ijebu lineage name whose family history is rooted deep in the traditional chieftaincy structure of Ijebu Ode.","oriki_idile","ogun;ijebu;lineage"
"26","Awujale","all","yoruba","Awùjalẹ̀, orúkọ oyè Ọba Ìjẹ̀bú,
Ọmọ tí ń jókòó lórí ìtẹ́ tí Ọbanta fi sílẹ̀,
Awùjalẹ̀, ẹni tí ọrọ̀ rẹ̀ jẹ́ òfin láàrin Ìjẹ̀bú gbogbo,
A kì í dá Ìjẹ̀bú mọ̀ láì dárúkọ ipò Awùjalẹ̀,
Awùjalẹ̀, ọba tí ade rẹ̀ ti kọjá ọ̀rúndún méjì,
Awùjalẹ̀, a kì í wọ inú ìlú Ìjẹ̀bú Ọdẹ láì kí ìtẹ́ rẹ̀.","The royal title of the traditional king (Oba) of Ijebuland, whose stool traces to the legendary founder Obanta.","oriki_idile","ogun;ijebu;lineage;royalty"
"27","Akarigbo","all","yoruba","Akaríìgbò, orúkọ oyè Ọba Rémọ ní Sàgámù,
Ọmọ tí ń darí gbogbo ìlú Rémọ ní ìṣọ̀kan,
Akaríìgbò, ẹni tí adé rẹ̀ ti kọjá ọ̀pọ̀ ọ̀rúndún,
A kì í dárúkọ Rémọ láì kí ìtẹ́ Akaríìgbò,
Akaríìgbò, ọba tí ìjọba rẹ̀ so àwọn ìlú Rémọ pọ̀ mọ́ ara wọn.","The royal title of the paramount ruler of Remoland, seated in Sagamu, unifying the Remo Yoruba communities.","oriki_idile","ogun;remo;lineage;royalty"
"28","Solarin","all","yoruba","Solárin, ọmọ ilé Rémọ tí ẹ̀kọ́ jẹ́ àsíá rẹ̀,
Ọmọ tí ó fi ìgboyà kọ́ ọmọ Yorùbá ní ìtumọ̀ òtítọ́,
Solárin, orúkọ tí a kì í yà kúrò nínú ìtàn ẹ̀kọ́ ìgbàlódé Rémọ,
Solárin, ọmọ tí ìdálẹ́kọ̀ọ́ jẹ́ ohun ìjà rẹ̀ fún òdodo,
Solárin, a kì í sọ ìtàn ìjà fún ìdọ́gba ẹ̀kọ́ láì dárúkọ rẹ̀.","A Remo family name associated with pioneering, courageous educators who reshaped modern Yoruba schooling.","oriki_idile","ogun;remo;lineage;education"
"29","Salako","all","yoruba","Saláko, ọmọ ilé Yewá tí a bí sínú aṣọ ìbílẹ̀,
Ọmọ tí orúkọ rẹ̀ ń jẹ́rìí sí ọ̀nà ìbí àkànṣe,
Saláko, a kì í fi ẹ̀gbọ́n rẹ̀ pè láì mọ ìdí orúkọ náà,
Saláko, ọmọ tí a kà sí àmì àyànmọ́ pàtàkì láti ìgbà ìbí,
Saláko, ọmọ tí ìdílé Yewá ń gbé kalẹ̀ pẹ̀lú ọ̀wọ̀ àkànṣe.","An Egbado/Yewa lineage name traditionally given to a child born with the amniotic caul, seen as a mark of destiny.","oriki_idile","ogun;yewa;lineage"
"30","Odugbemi","all","yoruba","Odùgbẹ́mi, ọmọ tí àyànmọ́ gbé dé ibùdó,
Ọmọ ilé Yewá tí a fi ìrètí sun sí,
Odùgbẹ́mi, a kì í rẹ̀wẹ̀sì sí ìdílé rẹ̀,
Odùgbẹ́mi, ọmọ tí ìrìn àjò ayé rẹ̀ dópin sí ààbò àti ìsinmi,
Odùgbẹ́mi, ọmọ tí ìdílé rẹ̀ kì í padà sẹ́yìn níwájú ìṣòro.","Egba/Yewa lineage name meaning roughly 'destiny brought me to a safe resting place,' carrying hope and settlement.","oriki_idile","ogun;yewa;lineage"
"31","Adeyemi","all","yoruba","Adéyẹmí, ọmọ tí adé yẹ mí ní ìdílé Aláàfin,
Ọmọ tí ìtẹ́ Ọ̀yọ́ ń bá a lò,
Adéyẹmí, a kì í fi ọlá rẹ̀ wé ti ẹlòmíràn,
Ọmọ oyè tí ade kì í fi sílẹ̀,
Adéyẹmí, ọmọ tí ìtàn ìtẹ́ Ọ̀yọ́ ń kọ́ orúkọ rẹ̀ sínú òkúta ìrántí,
Adéyẹmí, a kì í fi ọba mìíràn dípò rẹ̀ láàrin Ọ̀yọ́ ìjọba.","An Oyo royal lineage name meaning 'the crown befits me,' historically linked to the Alaafin's ruling household.","oriki_idile","oyo;lineage;royalty"
"32","Balogun","all","yoruba","Baálogun, orúkọ oyè ológun ní Ọ̀yọ́,
Ọmọ tí ń darí ẹgbẹ́ ogun ìlú ní ìjà,
Baálogun, a kì í jẹ́ ojo nínú ogun,
A kì í dárúkọ ìjọba Ọ̀yọ́ láì mẹ́nu kan oyè Baálogun,
Baálogun, ọmọ tí àpáta jẹ́ ìsàlẹ̀ ẹsẹ̀ rẹ̀ nínú ìjà,
Baálogun, a kì í fi ẹ̀gbẹ́ ogun sílẹ̀ láì borí.","A war-chief title in old Oyo, the office responsible for commanding the town's military forces in battle.","oriki_idile","oyo;lineage;warrior"
"33","Afonja","all","yoruba","Afọ́njá, Àrẹ̀-Ọ̀nà-Kakanfò ìjọba Ọ̀yọ́,
Ọmọ akíkanjú tí ó gbé Ìlọrin karí,
Afọ́njá, orúkọ tí ìtàn Ọ̀yọ́ kò lè gbàgbé,
A kì í sọ ìtàn ìṣubú Ọ̀yọ́ láì dárúkọ Afọ́njá,
Afọ́njá, ọmọ tí agbára rẹ̀ yí ìtàn ìjọba Ọ̀yọ́ padà láéláé,
Afọ́njá, a kì í sọ orúkọ Ìlọrin láì rántí ìpilẹ̀ṣẹ̀ rẹ̀.","Powerful Oyo military generalissimo (Are-Ona-Kakanfo) who established Ilorin, a pivotal figure in Old Oyo's history.","oriki_idile","oyo;lineage;warrior;ilorin"
"34","Agunbiade","all","yoruba","Agúnbíadé, ọmọ jagunjagun ilé ọba Ọ̀yọ́,
Ọmọ tí a bí sí abẹ́ adé, tí ogun jẹ́ iṣẹ́ rẹ̀,
Agúnbíadé, a kì í fi ojo wé akin,
Agúnbíadé, ọmọ tí ọwọ́ rẹ̀ dá ohun ìjà ìjọba Ọ̀yọ́,
Agúnbíadé, a kì í fi ìjà ilé ọba sílẹ̀ láì kópa.","An Oyo warrior lineage name, meaning 'the war ornament that suits royalty,' tied to the palace's fighting men.","oriki_idile","oyo;lineage;warrior"
"35","Adegoke","all","yoruba","Adégòkè, ọmọ tí adé gbé ga,
Ọmọ ilé ọlá tí orúkọ rẹ̀ ń jinde,
Adégòkè, a kì í ríjìn nínú àwùjọ ọlá,
Adégòkè, ọmọ tí ìdílé rẹ̀ ń gòkè lọ láti ìran dé ìran,
Adégòkè, a kì í fi ìdílé rẹ̀ padà sí ipò kékeré.","An Oyo lineage name meaning 'the crown has been raised high,' signifying rising honor within the royal family.","oriki_idile","oyo;lineage"
"36","Ajayi","all","yoruba","Àjàyí, ọmọ tí ojú rẹ̀ kọ sí ilẹ̀ nígbà ìbí,
Ọmọ Ọ̀yọ́ tí ìtàn rẹ̀ dé Òkun àti Òkè,
Àjàyí, orúkọ tí ó ti Òsogùn dé àgbáyé,
Àjàyí, ọmọ tí ìrìn àjò rẹ̀ kọjá odò àti òkun ńlá,
Àjàyí, a kì í sọ ìtàn ẹ̀sìn àti ẹ̀kọ́ ní Ìwọ̀-Afíríkà láì dárúkọ rẹ̀.","An Oyo lineage name traditionally given to a child born face-down; notably borne by Bishop Ajayi Crowther, born in Osogun.","oriki_idile","oyo;lineage"
"37","Akintola","all","yoruba","Akíntọlá, akin tí ọrọ̀ tọ̀ ọ́ lẹ́yìn,
Ọmọ ìjọba tí ó darí ìjọba Ìwọ̀-oòrùn,
Akíntọlá, a kì í fi orúkọ rẹ̀ ṣeré,
Akíntọlá, ọmọ tí ìjà òṣèlú kò lè yí ìdúró rẹ̀ padà,
Akíntọlá, a kì í sọ ìtàn ìjọba Ìwọ̀-oòrùn láì mẹ́nu kan rẹ̀.","An Oyo lineage name meaning 'the brave one whom wealth follows,' notably borne by a former Premier of Western Nigeria.","oriki_idile","oyo;lineage;politics"
"38","Akinola","all","yoruba","Akínọlá, ọmọ akin tí ọlá ń tọ̀ lé,
Ọmọ ilé Ọ̀yọ́ tí a kì í rẹ̀wẹ̀sì,
Akínọlá, a kì í ṣubú nínú ìjà ọlá,
Akínọlá, ọmọ tí ìgboyà rẹ̀ ń fún ìdílé ní àyè láàrin ìjọ ńlá,
Akínọlá, a kì í fi ìjà sílẹ̀ láì borí.","An Oyo lineage name meaning 'bravery accompanied by honor,' given to sons expected to carry the family's dignity.","oriki_idile","oyo;lineage"
"39","Basorun","all","yoruba","Bàṣọ̀run, orúkọ oyè olóyè-ńlá ní Ọ̀yọ́,
Ọmọ tí ń bá Aláàfin gbìmọ̀ ìjọba,
Bàṣọ̀run, a kì í jẹ́ ẹni kejì láì lágbára,
A kì í sọ ìtàn ìjọba Ọ̀yọ́ láì dárúkọ ipò Bàṣọ̀run,
Bàṣọ̀run, ọmọ tí ọ̀rọ̀ rẹ̀ ní ìwúwo bí ti Aláàfin fúnra rẹ̀,
Bàṣọ̀run, a kì í ṣàìsí nínú ìgbìmọ̀ Ọ̀yọ́ Mèsì.","A senior kingmaker title in Old Oyo, the highest-ranking chief of the Oyo Mesi council advising the Alaafin.","oriki_idile","oyo;lineage;chieftaincy"
"40","Olubadan","all","yoruba","Olúbàdàn, orúkọ oyè Ọba Ìbàdàn,
Ọmọ tí ń darí ìlú akin láti ipasẹ̀ ológun sí ipò ọba,
Olúbàdàn, a kì í dé ipò rẹ̀ láì la ipasẹ̀ ìjà kọjá,
Olúbàdàn, ọba tí ìjọba rẹ̀ gbé àwọn akin lárugẹ,
Olúbàdàn, a kì í fi ipò rẹ̀ jogún láì ti gba oyè kékeré wá.","The traditional ruler's title of Ibadan, unique in Yorubaland for being attained through a line of military and civil chieftaincy ranks.","oriki_idile","oyo;lineage;ibadan"
"41","Ooni","all","yoruba","Ọọ̀ni, orúkọ oyè Ọba Ilé-Ifẹ̀,
Ọmọ tí ń jókòó lórí ìtẹ́ Odùduwà,
Ọọ̀ni, baálẹ̀ àwọn ọba Yorùbá gbogbo,
A kì í sọ ìtàn ìpilẹ̀ṣẹ̀ Yorùbá láì dárúkọ ipò Ọọ̀ni,
Ọọ̀ni, ẹni tí gbogbo adé Yorùbá ti orí rẹ̀ ti wá,
Ọọ̀ni, a kì í fi ọlá Ifẹ̀ sílẹ̀ láàrin ìjọ ọba ilẹ̀ Yorùbá.","The royal title of the traditional king of Ile-Ife, the spiritual cradle of the Yoruba people and the throne of Oduduwa.","oriki_idile","osun;lineage;royalty;ife"
"42","Lafogido","all","yoruba","Láfógido, ọba àtijọ́ ní Ilé-Ifẹ̀,
Ọmọ tí ìtàn àdììtú ojú-ọjọ́ so mọ́ ọn,
Láfógido, orúkọ tí a kì í gbàgbé nínú àkọsílẹ̀ àwọn Ọọ̀ni,
Láfógido, ẹni tí ìtàn rẹ̀ ti pẹ́ dàgbà nínú ìtàn ẹnu Ifẹ̀,
Láfógido, a kì í ka ìtàn àwọn Ọọ̀ni àkọ́kọ́ láì dárúkọ rẹ̀.","An early ruler of Ile-Ife, remembered in oral tradition among the ancient kings who preceded later Ooni dynasties.","oriki_idile","osun;lineage;ife"
"43","Obalufe","all","yoruba","Ọba-Lùfẹ̀, orúkọ oyè ìjòyè ní Ilé-Ifẹ̀,
Ọmọ tí ń dúró ti àwọn ọmọ Odùduwà ní ìjọba,
Ọba-Lùfẹ̀, a kì í fi ipò rẹ̀ ṣeré láàrin àwọn ọba-ìlú Ifẹ̀,
Ọba-Lùfẹ̀, ọmọ tí ipò rẹ̀ jẹ́ ọ̀kan lára àwọn ẹsẹ̀ ìjọba Ifẹ̀,
Ọba-Lùfẹ̀, a kì í fi ìtẹ́ ìjòyè rẹ̀ sílẹ̀ láàrin ìlú.","One of the senior traditional chieftaincy titles (Obas) within the Ile-Ife kingship structure.","oriki_idile","osun;lineage;ife"
"44","Omisakin","all","yoruba","Ọmisákin, ọmọ tí omi kì í gbé lọ,
Ọmọ ilé Ifẹ̀-Ọ̀ṣun tí ìdúró ṣinṣin jẹ́ àmì rẹ̀,
Ọmisákin, a kì í ṣí kúrò ní ipò rẹ̀,
Ọmisákin, ọmọ tí ìjì kì í mì í, tí ìjà kì í yẹ̀,
Ọmisákin, a kì í fi ìdúró ṣinṣin rẹ̀ ṣe àdàkọ àìmọ̀.","An Ife/Osun lineage name meaning 'water does not sweep me away,' signifying steadfastness and resilience.","oriki_idile","osun;lineage"
"45","Owa Obokun","all","yoruba","Ọwá Obòkun, orúkọ oyè Ọba Ìjẹ̀ṣà ní Ilésà,
Ọmọ tí ìran rẹ̀ ti Ilé-Ifẹ̀ wá sí Ìjẹ̀ṣà,
Ọwá Obòkun, a kì í sọ ìtàn Ìjẹ̀ṣà láì kí ipò rẹ̀,
Ọwá Obòkun, ọba tí ìtàn rẹ̀ dé etí Òkun kí ó tó dé Ilésà,
Ọwá Obòkun, a kì í fi ìjọba Ìjẹ̀ṣà sílẹ̀ láàrin ìtàn Yorùbá.","The royal title of the paramount ruler of Ijesaland, seated in Ilesa, tracing descent from the royal house of Ife.","oriki_idile","osun;lineage;ijesa"
"46","Fajemisin","all","yoruba","Fájẹ́misin, ọmọ tí Ifá gbà kí ó máa sìn,
Ọmọ ilé Ìjẹ̀ṣà tí ìsìn àti ọlá jọ ń tọ̀ lé,
Fájẹ́misin, a kì í fi iṣẹ́ ìsìn dá ọlá tirẹ̀ lẹ́bi,
Fájẹ́misin, ọmọ tí ọwọ́ rẹ̀ mọ́ nínú iṣẹ́ ìbílẹ̀ àti ẹ̀sìn,
Fájẹ́misin, a kì í fi ìdíwọ̀n ìsìn rẹ̀ sílẹ̀ láàrin ìdílé.","An Ijesa lineage name reflecting a family devoted to traditional service and religious duty alongside honor.","oriki_idile","osun;lineage;ijesa"
"47","Adedeji","all","yoruba","Adédéjì, ọmọ tí adé sún mọ́ ilé rẹ̀,
Ọmọ tí ọlá ń jókòó pẹ̀lú láti ìgbà ìbí,
Adédéjì, a kì í ṣí kúrò ní ilé baba rẹ̀,
Adédéjì, ọmọ tí ìtẹ́ ọlá kì í jìnnà sí ìdílé rẹ̀,
Adédéjì, a kì í fi ipò rẹ̀ sílẹ̀ láàrin ìdílé Ọ̀ṣun.","An Osun lineage name meaning 'the crown draws near to my house,' a claim of inherited royal proximity.","oriki_idile","osun;lineage"
"48","Adeoti","all","yoruba","Adéọ̀tí, ọmọ tí a fi adé bọ̀ lọ́wọ́ ìnira,
Ọmọ ilé Ọ̀ṣun tí ààbò ọlá yí i ká,
Adéọ̀tí, a kì í jẹ́ kí ọlá kúrò ní ìdílé rẹ̀,
Adéọ̀tí, ọmọ tí adé rẹ̀ jẹ́ àpáta ààbò fún un,
Adéọ̀tí, a kì í fi ìdílé rẹ̀ sílẹ̀ láìní ààbò.","An Osun lineage name meaning 'crowned and shielded from trouble,' invoking protection paired with royal standing.","oriki_idile","osun;lineage"
"49","Akinyemi","all","yoruba","Akínyẹmí, akin tí ó yẹ orúkọ ìjàgun,
Ọmọ ilé Ọ̀ṣun tí ìgboyà jẹ́ ogún rẹ̀,
Akínyẹmí, a kì í fi ẹ̀rù kan orí rẹ̀,
Akínyẹmí, ọmọ tí ìgboyà rẹ̀ jẹ́ ogún láti ọwọ́ baba ńlá,
Akínyẹmí, a kì í dá padà sẹ́yìn nínú ìjà tàbí ìṣòro.","An Osun lineage name meaning 'bravery befits me,' given to sons expected to inherit courage as tradition.","oriki_idile","osun;lineage"
"50","Awolowo","all","yoruba","Awólọ́wọ́, ọmọ tí Ifá kó sínú ìjọba,
Ọmọ tí ọgbọ́n rẹ̀ mú òmìnira wá sí Ìwọ̀-oòrùn,
Awólọ́wọ́, a kì í gbàgbé nínú ìtàn òṣèlú Yorùbá,
Awólọ́wọ́, ọmọ tí ọgbọ́n rẹ̀ kọ́ àwọn Yorùbá ní ìjọba tí ó dára,
Awólọ́wọ́, a kì í ṣàìdárúkọ ìtàn ìdàgbàsókè Ìwọ̀-oòrùn láì kí orúkọ rẹ̀.","A prominent Yoruba family name; Chief Obafemi Awolowo, first Premier of Western Nigeria, remains its most celebrated bearer.","oriki_idile","osun;lineage;politics"
"51","Adesida","all","yoruba","Adésídà, orúkọ ìdílé Déjì ti Akurẹ́,
Ọmọ tí ìtẹ́ Ondó ń dúró de,
Adésídà, a kì í fi ọlá rẹ̀ sílẹ̀ láàrin àwọn ọba Ondó,
Adésídà, ọmọ tí ìjọba Akurẹ́ ti gbìmọ̀ àtọwọ́dọ́wọ́,
Adésídà, a kì í fi ìtẹ́ Déjì sílẹ̀ láìsí olùsọ́.","The royal lineage name associated with the Deji of Akure's ruling household in Ondo State.","oriki_idile","ondo;lineage;akure"
"52","Adegoroye","all","yoruba","Adégóròyè, ọmọ tí adé ń gbé lọ sí ipò ọlá,
Ọmọ ilé Ondó tí ìtẹ́síwájú jẹ́ àmì rẹ̀,
Adégóròyè, a kì í dúró síbìkan láì gòkè ọlá,
Adégóròyè, ọmọ tí ìdílé rẹ̀ ń gòkè lọ dé ipò gíga,
Adégóròyè, a kì í fi ìtẹ̀síwájú rẹ̀ sílẹ̀ láàrin Ondó.","An Ondo lineage name signifying continual rise toward royal honor and chieftaincy standing.","oriki_idile","ondo;lineage"
"53","Ajapada","all","yoruba","Àjàpádà, ọba àtijọ́ ní ìtàn Ondó,
Ọmọ tí ìpilẹ̀ṣẹ̀ ìlú Ondó so mọ́ ọn,
Àjàpádà, orúkọ tí kò lè yọ nínú ìtàn ìṣílọ Ondó,
Àjàpádà, ẹni tí ìtàn ìdásílẹ̀ ìlú Ondó ti bẹ̀rẹ̀ láti ọwọ́ rẹ̀,
Àjàpádà, a kì í ka ìtàn àwọn baálẹ̀ Ondó àkọ́kọ́ láì dárúkọ rẹ̀.","An early ruler in Ondo oral history, remembered as part of the founding traditions of the town.","oriki_idile","ondo;lineage"
"54","Lisa","all","yoruba","Lísà, orúkọ oyè kejì lẹ́yìn Ọba Ondó,
Ọmọ tí ń ràn Ọba Ondó lọ́wọ́ ìjọba,
Lísà, a kì í fi ipò rẹ̀ tì lẹ́yìn ìtẹ́ Ọba,
Lísà, ọmọ tí ọ̀rọ̀ rẹ̀ ń ràn Osẹ̀mawé lọ́wọ́ ìdájọ́ ìlú,
Lísà, a kì í fi ọ̀rọ̀ ìjọba Ondó sílẹ̀ láìsí ìmọ̀ràn rẹ̀.","A senior chieftaincy title in Ondo, second in rank to the Osemawe, assisting in the administration of the town.","oriki_idile","ondo;lineage;chieftaincy"
"55","Odopetu","all","yoruba","Ọdọ̀pẹ́tù, ọba àkọ́kọ́ nínú ìtàn Ondó,
Ọmọ tí orúkọ rẹ̀ ti ìgbà àtijọ́ ìlú wá,
Ọdọ̀pẹ́tù, a kì í yọ nínú àkọsílẹ̀ àwọn baálẹ̀ Ondó àkọ́kọ́,
Ọdọ̀pẹ́tù, ẹni tí ìtàn Ondó gbé kalẹ̀ láti orí ìran rẹ̀,
Ọdọ̀pẹ́tù, a kì í ka ìtàn ìdásílẹ̀ Ondó láì dárúkọ rẹ̀.","Remembered among the earliest rulers in Ondo town's founding traditions.","oriki_idile","ondo;lineage"
"56","Elemo","all","yoruba","Ẹlẹ́mọ, orúkọ oyè ìjòyè ní Ondó,
Ọmọ tí ń ràn ìjọba ìlú lọ́wọ́ láti ìgbà àtijọ́,
Ẹlẹ́mọ, a kì í fi iṣẹ́ ìjòyè rẹ̀ ṣeré,
Ẹlẹ́mọ, ọmọ tí ìgbìmọ̀ ìlú Ondó ń gbọ́ ohùn rẹ̀,
Ẹlẹ́mọ, a kì í fi ìjọba Ondó sílẹ̀ láìsí ìran rẹ̀.","A traditional chieftaincy title within the Ondo kingdom's council of administrative chiefs.","oriki_idile","ondo;lineage"
"57","Odundun","all","yoruba","Odùndún, ọmọ tí a fi ewé ìwòsàn dá lórúkọ,
Ọmọ ilé Ondó tí ìwòsàn àti ọlá jọ ń tọ̀ lé,
Odùndún, a kì í ṣàìsàn láàrin ìdílé rẹ̀,
Odùndún, ọmọ tí ìtura àti ìwòsàn jẹ́ ogún ìdílé rẹ̀,
Odùndún, a kì í jẹ́ kí àìsàn borí ìdílé rẹ̀.","An Ondo lineage name drawn from the odundun leaf, a plant traditionally associated with healing and coolness.","oriki_idile","ondo;lineage"
"58","Adegbonmire","all","yoruba","Adégbọ́nmirè, ọmọ tí adé ye ọjà ìran rẹ̀,
Ọmọ ilé Owó tí ọlá jẹ́ ogún baba-nlá,
Adégbọ́nmirè, a kì í ṣí ipò rẹ̀ padà,
Adégbọ́nmirè, ọmọ tí ọjà Owó dá lórí ọlá rẹ̀,
Adégbọ́nmirè, a kì í fi ogún ọlá rẹ̀ sílẹ̀ láàrin Owó.","An Ondo/Owo lineage name meaning 'the crown suits my kindred's marketplace of honor,' tied to the Olowo's household.","oriki_idile","ondo;lineage;owo"
"59","Deji","all","yoruba","Déjì, orúkọ oyè Ọba Akurẹ́,
Ọmọ tí ń darí ìlú Akurẹ́ láti ìgbà àtijọ́,
Déjì, a kì í sọ ìtàn Akurẹ́ láì dárúkọ ipò yìí,
Déjì, ọba tí ìtẹ́ rẹ̀ dúró ṣinṣin láàrin ìjọba Ondó,
Déjì, a kì í fi ìtẹ́ Akurẹ́ sílẹ̀ láìsí olórí.","The royal title of the traditional ruler of Akure, one of the principal Yoruba kingdoms in Ondo State.","oriki_idile","ondo;lineage;akure"
"60","Asodeboyede","all","yoruba","Àsòdẹbọ́yèdé, ọmọ ọdẹ tí ọlá dé bá a,
Ọmọ ilé Ondó tí ọdẹ jẹ́ iṣẹ́ àkọ́kọ́ rẹ̀,
Àsòdẹbọ́yèdé, a kì í padà lọ́wọ́ àìlórí ìjà,
Àsòdẹbọ́yèdé, ọmọ tí ọfà rẹ̀ kì í yẹ̀ àfojúsùn,
Àsòdẹbọ́yèdé, a kì í fi ìtàn ọdẹ ìdílé rẹ̀ sílẹ̀ láàrin Ondó.","An Ondo lineage name meaning 'the hunter who honor came to meet,' rooted in a hunting-ancestor tradition.","oriki_idile","ondo;lineage"
"61","Fayemi","all","yoruba","Fáyẹ́mi, ọmọ tí Ifá gbà kí ó yẹ é,
Ọmọ ilé Èkìtì tí ẹ̀kọ́ àti ìjọba jọ ń tọ̀ lé,
Fáyẹ́mi, orúkọ tí ìgbà ìsinsìnyí kò lè gbàgbé,
Fáyẹ́mi, ọmọ tí ìjọba àti ìdàgbàsókè jọ ń rìn pọ̀ nínú ọwọ́ rẹ̀,
Fáyẹ́mi, a kì í fi ìtàn Èkìtì ìgbàlódé sílẹ̀ láì dárúkọ rẹ̀.","An Ekiti lineage name meaning 'Ifa deemed it fitting,' notably borne by a modern governor of Ekiti State.","oriki_idile","ekiti;lineage;politics"
"62","Falayi","all","yoruba","Fálàyí, ọmọ tí Ifá lo àyè fún,
Ọmọ ilé Èkìtì tí ọ̀nà rẹ̀ là láti ọwọ́ àwọn àgbà,
Fálàyí, a kì í sọnù láàrin ọ̀nà ìran rẹ̀,
Fálàyí, ọmọ tí ọ̀nà rẹ̀ ṣí sílẹ̀ láti ọwọ́ Ifá àti àwọn baba ńlá,
Fálàyí, a kì í fi ọ̀nà tí a là fún un ṣe aláìlò.","An Ekiti lineage name invoking the Ifa oracle as the one who cleared and widened the family's path.","oriki_idile","ekiti;lineage"
"63","Akomolafe","all","yoruba","Akọ́mọlàfẹ́, ọmọ tí a kọ́ sínú ọlá àyè,
Ọmọ ilé Èkìtì tí ẹ̀kọ́ ìbílẹ̀ mọ́ ọn dání,
Akọ́mọlàfẹ́, a kì í ṣàìka ìwà rere Ekìtì,
Akọ́mọlàfẹ́, ọmọ tí ìkọ́nilẹ́kọ̀ọ́ àgbà jẹ́ ipìlẹ̀ ìwà rẹ̀,
Akọ́mọlàfẹ́, a kì í fi ẹ̀kọ́ ìbílẹ̀ Èkìtì sílẹ̀ láì bọ̀wọ̀ fún un.","An Ekiti lineage name meaning 'trained/built into a life of honor,' reflecting emphasis on upbringing and character.","oriki_idile","ekiti;lineage"
"64","Adebanjo","all","yoruba","Adébánjọ, ọmọ tí adé bá ìdílé pàdé lọ́nà rere,
Ọmọ ilé Èkìtì tí ọ̀rọ̀ rẹ̀ jẹ́ ìdíwọ̀n òtítọ́,
Adébánjọ, a kì í ṣàìka ìdí ọ̀rọ̀ rẹ̀ sí ìlú,
Adébánjọ, ọmọ tí àwọn àgbà ilú ń gbọ́ ọ̀rọ̀ rẹ̀,
Adébánjọ, a kì í fi ìjọba Èkìtì sílẹ̀ láìsí ohùn rẹ̀.","An Ekiti lineage name meaning 'the crown met the family well,' borne by respected community elders and elder statesmen.","oriki_idile","ekiti;lineage"
"65","Adebayo","all","yoruba","Adébáyọ̀, ọmọ tí adé bá ayọ̀ pàdé,
Ọmọ ilé Èkìtì tí ológun àti ìjọba jọ ń tẹ̀lé,
Adébáyọ̀, a kì í ṣàìmọyọ̀ ní ìdílé rẹ̀,
Adébáyọ̀, ọmọ tí ìdùnnú àti ìjọba jọ ń bá ara wọn rìn,
Adébáyọ̀, a kì í fi ìdílé rẹ̀ sílẹ̀ láìní ayọ̀.","An Ekiti lineage name meaning 'the crown met joy,' historically associated with both military and civic leadership.","oriki_idile","ekiti;lineage"
"66","Elekole","all","yoruba","Ẹlẹ́kọ̀lé, orúkọ oyè Ọba Ìkọ̀lé-Èkìtì,
Ọmọ tí ń darí ìlú Ìkọ̀lé láti ìgbà baba-ńlá,
Ẹlẹ́kọ̀lé, a kì í fi ipò rẹ̀ dá ẹlòmíràn,
Ẹlẹ́kọ̀lé, ọba tí ìtẹ́ rẹ̀ ti dúró láàrin àwọn ìjọba Èkìtì,
Ẹlẹ́kọ̀lé, a kì í fi ìlú Ìkọ̀lé sílẹ̀ láìsí ìtọ́sọ́nà.","The royal title of the traditional ruler of Ikole-Ekiti, one of the sixteen principal kingdoms of Ekiti.","oriki_idile","ekiti;lineage;royalty"
"67","Ogoga","all","yoruba","Ògògà, orúkọ oyè Ọba Ìkẹ̀rẹ̀-Èkìtì,
Ọmọ tí ń jókòó lórí ìtẹ́ ìran àtijọ́ Ìkẹ̀rẹ̀,
Ògògà, a kì í sọ ìtàn Ìkẹ̀rẹ̀ láì dárúkọ oyè yìí,
Ògògà, ọba tí ìjọba rẹ̀ ti gùn ní ọ̀pọ̀lọpọ̀ ìran,
Ògògà, a kì í fi ìlú Ìkẹ̀rẹ̀ sílẹ̀ láìsí olú-adé.","The royal title of the traditional ruler of Ikere-Ekiti, another of the historic Ekiti kingdoms.","oriki_idile","ekiti;lineage;royalty"
"68","Oore","all","yoruba","Ọ̀rẹ̀, orúkọ oyè Ọba Ọ̀tùn-Èkìtì,
Ọmọ tí àwọn Èkìtì ọ̀tọ̀ọ̀tọ̀ ń bọ̀wọ̀ fún,
Ọ̀rẹ̀, a kì í fi ipò rẹ̀ ṣe kékeré láàrin ọba Èkìtì,
Ọ̀rẹ̀, ọba tí ìtẹ́ rẹ̀ so ọ̀pọ̀lọpọ̀ ìlú Èkìtì pọ̀,
Ọ̀rẹ̀, a kì í fi ìlú Ọ̀tùn sílẹ̀ láìsí ìtọ́sọ́nà rẹ̀.","The royal title of the traditional ruler of Otun-Ekiti, respected among the confederation of Ekiti kingdoms.","oriki_idile","ekiti;lineage;royalty"
"69","Arinjale","all","yoruba","Àrìnjalẹ̀, orúkọ oyè Ọba Ìsẹ̀-Èkìtì,
Ọmọ tí ìrìn àjò rẹ̀ dé ipò ọlá,
Àrìnjalẹ̀, a kì í dúró síbìkan láì gòkè ipò,
Àrìnjalẹ̀, ọba tí ìrìn rẹ̀ la ọ̀nà dé ìtẹ́ Ìsẹ̀-Èkìtì,
Àrìnjalẹ̀, a kì í fi ìjọba rẹ̀ sílẹ̀ láàrin àwọn ọba Èkìtì.","The royal title of the traditional ruler of Ise-Ekiti, whose name evokes a journey that arrives at honor.","oriki_idile","ekiti;lineage;royalty"
"70","Olowolafe","all","yoruba","Olówólàfẹ́, ọmọ tí ọlá tí ọrọ̀ jọ ń tọ̀ lé,
Ọmọ ilé Èkìtì tí ọrọ̀ àti ìjọba jọ ń pàdé lára rẹ̀,
Olówólàfẹ́, a kì í ṣàìní ọ̀wọ̀ láàrin àwọn ẹgbẹ́ rẹ̀,
Olówólàfẹ́, ọmọ tí ọrọ̀ rẹ̀ ń fi ọlá kún ilé rẹ̀,
Olówólàfẹ́, a kì í fi ọlá tàbí ọrọ̀ sílẹ̀ láàrin ìdílé.","An Ekiti lineage name meaning 'wealth suits a life of honor,' signifying a family where prosperity and standing meet.","oriki_idile","ekiti;lineage"
"71","Idejo","all","yoruba","Ìdẹ́jọ, ẹ̀ka àwọn ẹlẹ́gbẹ́-funfun ní Èkó,
Àwọn onílẹ̀ àkọ́kọ́ tí wọ́n dá Èkó sílẹ̀ ṣáájú kí Ọba tó dé,
Ìdẹ́jọ, a kì í sọ ìtàn Èkó láì dárúkọ ẹ̀ka yìí,
Ìdẹ́jọ, àwọn tí ìwé-ẹ̀rí ilẹ̀ Èkó ti bẹ̀rẹ̀ láti ọwọ́ wọn,
Ìdẹ́jọ, a kì í fi ilẹ̀ Èkó sílẹ̀ láìsí ìṣàkóso wọn.","The class of White Cap Chiefs in Lagos — the original landowning families recognized as founders of the territory before kingship arrived.","oriki_idile","lagos;lineage"
"72","Oniru","all","yoruba","Oníru, ọ̀kan lára àwọn ẹlẹ́gbẹ́-funfun Èkó,
Ọmọ tí ń darí ilẹ̀ Ìrù ní etí-odò Èkó,
Oníru, a kì í fi ilẹ̀ ìdílé rẹ̀ sílẹ̀ láì bójú tó,
Oníru, ọmọ tí etí-omi Ìrù jẹ́ ogún baba rẹ̀,
Oníru, a kì í fi ìdílé rẹ̀ sílẹ̀ láìsí olùdarí.","One of the White Cap Chiefs of Lagos, traditional custodian of the Iru land area along the Lagos waterfront.","oriki_idile","lagos;lineage"
"73","Elegushi","all","yoruba","Ẹlẹ́gùsí, ọ̀kan lára àwọn ẹlẹ́gbẹ́-funfun Èkó,
Ọmọ tí ń darí ilẹ̀ Ìkátẹ́ ní Lékki,
Ẹlẹ́gùsí, a kì í fi ọlá ilẹ̀ baba rẹ̀ sílẹ̀,
Ẹlẹ́gùsí, ọmọ tí etí-òkun Lékki jẹ́ ogún ìdílé rẹ̀,
Ẹlẹ́gùsí, a kì í fi ilẹ̀ Ìkátẹ́ sílẹ̀ láìsí olùṣọ́.","One of the White Cap Chiefs of Lagos, traditional ruler of the Ikate/Lekki coastal lands.","oriki_idile","lagos;lineage"
"74","Osolo","all","yoruba","Ọ̀sọ̀lọ́, ọ̀kan lára àwọn ẹlẹ́gbẹ́-funfun Èkó,
Ọmọ tí orúkọ rẹ̀ so mọ́ ìtàn ìpilẹ̀ṣẹ̀ Èkó,
Ọ̀sọ̀lọ́, a kì í fi ipò rẹ̀ ṣeré láàrin àwọn ọba-ilẹ̀,
Ọ̀sọ̀lọ́, ọmọ tí ìran rẹ̀ ti wà láti ìgbà ìpilẹ̀ṣẹ̀ Èkó,
Ọ̀sọ̀lọ́, a kì í fi ìtàn Èkó sílẹ̀ láì dárúkọ rẹ̀.","One of the White Cap Chiefs of Lagos, whose lineage is tied into the earliest settlement traditions of the territory.","oriki_idile","lagos;lineage"
"75","Ojora","all","yoruba","Ọjọ̀rà, ọ̀kan lára àwọn ẹlẹ́gbẹ́-funfun Èkó,
Ọmọ tí ń darí ilẹ̀ Ìjọ̀rà ní etí-odò,
Ọjọ̀rà, a kì í fi ilẹ̀ ìdílé rẹ̀ jáde lọ́wọ́,
Ọjọ̀rà, ọmọ tí etí-odò Ìjọ̀rà jẹ́ ogún ìdílé rẹ̀,
Ọjọ̀rà, a kì í fi ilẹ̀ Ìjọ̀rà sílẹ̀ láìsí ìṣàkóso.","One of the White Cap Chiefs of Lagos, traditional custodian of the Ijora riverside lands.","oriki_idile","lagos;lineage"
"76","Aromire","all","yoruba","Àrómírè, ọ̀kan lára àwọn onílẹ̀ àkọ́kọ́ Èkó,
Ọmọ tí a sọ pé ó kọ́kọ́ tẹ ẹsẹ̀ sí ilẹ̀ Èkó,
Àrómírè, a kì í yọ nínú ìtàn ìdásílẹ̀ ìlú,
Àrómírè, ọmọ tí ìtàn ìpilẹ̀ṣẹ̀ Èkó bẹ̀rẹ̀ láti orúkọ rẹ̀,
Àrómírè, a kì í ka ìtàn ìṣíkiri Èkó láì dárúkọ rẹ̀.","One of the earliest recognized settler-chief families of Lagos, credited in tradition as among the first to occupy the land.","oriki_idile","lagos;lineage"
"77","Oloto","all","yoruba","Ọlọ́tọ̀, ọ̀kan lára àwọn ẹlẹ́gbẹ́-funfun Èkó,
Ọmọ tí ń darí ilẹ̀ Ọ̀tọ̀ láti ìgbà àtijọ́,
Ọlọ́tọ̀, a kì í fi ipò ìdílé rẹ̀ ṣe kékeré,
Ọlọ́tọ̀, ọmọ tí ilẹ̀ Ọ̀tọ̀ jẹ́ ogún ìran rẹ̀,
Ọlọ́tọ̀, a kì í fi ilẹ̀ ìdílé rẹ̀ sílẹ̀ láìsí olùdarí.","One of the White Cap Chiefs of Lagos, traditional custodian of the Oto lands.","oriki_idile","lagos;lineage"
"78","Ashipa","all","yoruba","Àṣípa, ológun àkọ́kọ́ tí ó darí Èkó fún Bìní,
Ọmọ tí ìtàn ìṣàkóso Èkó àkọ́kọ́ so mọ́ ọn,
Àṣípa, a kì í yọ nínú àkọsílẹ̀ àwọn baálẹ̀ Èkó àkọ́kọ́,
Àṣípa, ọmọ tí ìjọba Bìní fi ojú sí ìlú Èkó láti ìgbà rẹ̀,
Àṣípa, a kì í ka ìtàn ìjọba Èkó láì dárúkọ rẹ̀.","Remembered as the first warlord installed to oversee Lagos on behalf of the Benin kingdom, a foundational figure in Lagos's early political history.","oriki_idile","lagos;lineage"
"79","Oyekan","all","yoruba","Ọ̀yẹ́kan, orúkọ ìdílé oyè Ọba Èkó,
Ọmọ tí ìtẹ́ Èkó ti gba ní ọ̀pọ̀ ìgbà,
Ọ̀yẹ́kan, a kì í fi ipò ọlá rẹ̀ ṣeré láàrin ìdílé ọba,
Ọ̀yẹ́kan, ọmọ tí ìtẹ́ Èkó ti mọ̀ láti ọ̀pọ̀ ìran,
Ọ̀yẹ́kan, a kì í fi ìtẹ́ Èkó sílẹ̀ láìsí ìdílé rẹ̀.","A Lagos royal lineage name, borne by more than one Oba of Lagos across the history of the throne.","oriki_idile","lagos;lineage;royalty"
"80","Tinubu","all","yoruba","Tinúbú, ọmọ oníṣòwò àti akin obìnrin ní Èkó,
Ọmọ tí ọrọ̀ àti òṣèlú jọ ń tẹ̀lé,
Tinúbú, a kì í gbàgbé nínú ìtàn ìjà òmìnira Èkó,
Tinúbú, ọmọ tí òwò rẹ̀ gbilẹ̀ láàrin ọ̀pọ̀lọpọ̀ etí-òkun,
Tinúbú, a kì í fi ìtàn òṣèlú Èkó ìgbàanì sílẹ̀ láì dárúkọ rẹ̀.","A prominent Lagos family name, most famously linked to Madam Efunroye Tinubu, an influential 19th-century merchant and political figure.","oriki_idile","lagos;lineage"
"81","Afon","all","yoruba","Àfòn, ọmọ ilé Yorùbá ní agbègbè Ìlọrin,
Ọmọ tí ìtàn rẹ̀ dúró ṣinṣin láàrin ìyípadà ìjọba,
Àfòn, a kì í ṣàìka ìpìlẹ̀ṣẹ̀ Yorùbá rẹ̀ nílẹ̀ Ìlọrin,
Àfòn, ọmọ tí ìran rẹ̀ ti kọjá ọ̀pọ̀ ìyípadà ìjọba,
Àfòn, a kì í fi ìdílé rẹ̀ sílẹ̀ láìsí ìdánimọ̀ Yorùbá.","A Yoruba lineage name from the Ilorin area, part of the communities whose history predates and continued through the region's political changes.","oriki_idile","kwara;lineage"
"82","Jimoh","all","yoruba","Jímọ̀, ọmọ ilé Ìlọrin tí ìsìn jẹ́ ìpìlẹ̀ rẹ̀,
Ọmọ tí orúkọ rẹ̀ so mọ́ ọjọ́ ẹ̀sìn ìdílé,
Jímọ̀, a kì í ṣàìka ọlá ìdílé rẹ̀ sí Ìlọrin,
Jímọ̀, ọmọ tí ọjọ́ Jímọ̀ ń rán an létí ìsìn àtọwọ́dọ́wọ́,
Jímọ̀, a kì í fi ìdílé rẹ̀ sílẹ̀ láìsí ìsìn.","An Ilorin Yoruba-Muslim lineage name, often tied to the day of the week and reflecting the region's Islamic heritage.","oriki_idile","kwara;lineage"
"83","Belgore","all","yoruba","Bẹ́lgórè, ọmọ ilé ọlá ní Ìlọrin,
Ọmọ tí òfin àti ìdájọ́ jẹ́ ogún rẹ̀,
Bẹ́lgórè, a kì í fi orúkọ rẹ̀ ṣeré láàrin àwọn adájọ́ ilẹ̀ Nàìjíríà,
Bẹ́lgórè, ọmọ tí ọ̀rọ̀ rẹ̀ jẹ́ òdodo àti òtítọ́ nínú ìdájọ́,
Bẹ́lgórè, a kì í fi orúkọ ìdílé rẹ̀ sílẹ̀ láàrin ilé ẹjọ́.","A respected Ilorin family name notably associated with a lineage of senior jurists and judges in Nigeria.","oriki_idile","kwara;lineage"
"84","Laaro","all","yoruba","Láàrò, ọmọ ilé Ìlọrin tí ọ̀wọ̀ tẹ̀lé orúkọ rẹ̀,
Ọmọ tí ìdílé rẹ̀ ti fìdí kalẹ̀ ní Ìlọrin àtijọ́,
Láàrò, a kì í ṣàìní ipò láàrin ìlú,
Láàrò, ọmọ tí ọ̀wọ̀ ìdílé rẹ̀ ti gùn ní ọ̀pọ̀ ìran,
Láàrò, a kì í fi ipò rẹ̀ sílẹ̀ láàrin ìlú Ìlọrin.","An Ilorin lineage name whose family is long-established within the town's traditional social structure.","oriki_idile","kwara;lineage"
"85","Gobir","all","yoruba","Góbìr, ọmọ ilé tí ìtàn rẹ̀ ti àríwá dé Ìlọrin,
Ọmọ tí ìjọba Ìlọrin gbà á sí ọlá lẹ́yìn ìyípadà,
Góbìr, a kì í sọ ìtàn Ìlọrin lẹ́yìn-jíhádì láì dárúkọ ìdílé rẹ̀,
Góbìr, ọmọ tí ìran rẹ̀ dá pọ̀ mọ́ ìjọba Ìlọrin tuntun,
Góbìr, a kì í fi ìdílé rẹ̀ sílẹ̀ láàrin ìtàn Ìlọrin.","A lineage whose origins trace to Gobir in the north, prominent in Ilorin's ruling structure following the 19th-century jihad and emirate formation.","oriki_idile","kwara;lineage"
"86","Balogun Alanamu","all","yoruba","Baálogun Àlánàmú, orúkọ oyè ológun ní Ìlọrin,
Ọmọ tí ń darí ọ̀kan lára àwọn ẹgbẹ́ ológun ìlú,
Baálogun Àlánàmú, a kì í fi ipò rẹ̀ ṣe kékeré láàrin àwọn baálogun Ìlọrin,
Baálogun Àlánàmú, ọmọ tí ẹgbẹ́ ológun rẹ̀ jẹ́ ọ̀kan pàtàkì láàrin Ìlọrin,
Baálogun Àlánàmú, a kì í fi àṣẹ ológun rẹ̀ sílẹ̀ láàrin ìlú.","A traditional war-chieftaincy title in Ilorin, heading one of the town's historic military divisions.","oriki_idile","kwara;lineage"
"87","Gambari","all","yoruba","Gambari, ọmọ ilé àdúgbò Gambari ní Ìlọrin,
Ọmọ tí òwò àti ẹ̀sìn jọ ń tọ̀ lé,
Gambari, a kì í ṣàìka ìdí orúkọ rẹ̀ sí ìtàn Ìlọrin,
Gambari, ọmọ tí àdúgbò rẹ̀ ti dàgbà láti ìgbà àtijọ́,
Gambari, a kì í fi àdúgbò rẹ̀ sílẹ̀ láàrin ìlú Ìlọrin.","A lineage name tied to the Gambari quarter of Ilorin, historically associated with Hausa-Fulani settlers integrated into the emirate.","oriki_idile","kwara;lineage"
"88","Gambari ilé Sùlù","all","yoruba","Gambari ilé Sùlù, ọmọ tí ìdílé rẹ̀ gbòòrò ní Ìlọrin,
Ọmọ tí ọ̀wọ̀ àti òwò jọ ń tẹ̀lé e,
Gambari ilé Sùlù, a kì í fi ìran rẹ̀ ṣeré láàrin ìlú,
Gambari ilé Sùlù, ọmọ tí ìdílé Sùlù ti gbòòrò dé ọ̀pọ̀lọpọ̀ ẹ̀ka,
Gambari ilé Sùlù, a kì í fi orúkọ ìdílé rẹ̀ sílẹ̀ láàrin Ìlọrin.","A branch of the Gambari lineage in Ilorin, associated with the Sulu household within the town's extended family networks.","oriki_idile","kwara;sulu;lineage"
"89","Adeleke","all","yoruba","Adélékè, ọmọ tí adé ṣẹ́gun ìṣòro,
Ọmọ tí ọlá àti ìṣẹ́gun jọ ń tọ̀ lé,
Adélékè, a kì í jẹ́ kí ìṣòro borí adé rẹ̀,
Adélékè, ọmọ tí ìdílé rẹ̀ ń ṣẹ́gun ìṣòro ní gbogbo ìgbà,
Adélékè, a kì í fi ìdílé rẹ̀ sílẹ̀ láàrin Ọ̀ṣun àti Ìlọrin.","A Yoruba lineage name meaning 'the crown has triumphed,' borne by a prominent royal/political family with ties across Osun and Kwara.","oriki_idile","kwara;lineage"
"90","Olofa","all","yoruba","Ọlọ́fà, orúkọ oyè Ọba Òffà,
Ọmọ tí ń darí ìlú Òffà láti ìgbà baba-ńlá,
Ọlọ́fà, a kì í sọ ìtàn Òffà láì dárúkọ ipò yìí,
Ọlọ́fà, ọba tí ìjọba rẹ̀ ti gùn ní ọ̀pọ̀lọpọ̀ ọ̀rúndún,
Ọlọ́fà, a kì í fi ìlú Òffà sílẹ̀ láìsí olú-adé.","The royal title of the traditional ruler of Offa, a historic Yoruba town in present-day Kwara State.","oriki_idile","kwara;lineage;royalty"
"91","Alaafin","all","yoruba","Aláàfin, orúkọ oyè Ọba Ọ̀yọ́, ẹni ìjọba ilẹ̀ ìsàlẹ̀ àti òkè,
Ọmọ tí ń jókòó lórí ìtẹ́ tí Ọ̀rànmíyàn fi sílẹ̀,
Aláàfin, a kì í dárúkọ ìjọba Yorùbá àtijọ́ láì kí ipò rẹ̀,
Aláàfin, ẹni tí ọ̀rọ̀ rẹ̀ dé ọ̀pọ̀lọpọ̀ ìpínlẹ̀ Yorùbá nípasẹ̀ àwọn Baálẹ̀ àti Aláàrẹ̀,
Aláàfin, ọba tí agbára rẹ̀ gbilẹ̀ láti Ọ̀yọ́-Ilé dé etí odò Niger,
Aláàfin, a kì í sọ ìtàn ilẹ̀ Yorùbá láì dárúkọ ìtẹ́ Ọ̀yọ́.","The royal title of the King of Oyo, historically head of the vast Oyo Empire and one of the most powerful thrones in Yorubaland.","oriki_idile","oyo;lineage;royalty;empire"
"92","Alake","all","yoruba","Aláké, orúkọ oyè Ọba Ẹgbá ní Abéòkúta,
Ọmọ tí ń darí àwọn ọ̀tọ̀ọ̀tọ̀ ẹ̀ka Ẹgbá lábẹ́ ìtẹ́ kan,
Aláké, a kì í dárúkọ Abéòkúta láì kí ìtẹ́ Aláké,
Aláké, ọba tí Olúmọ Òkúta jẹ́ ààbò rẹ̀ àti ti ìlú,
Aláké, a kì í fi ìjọba Ẹgbá sílẹ̀ láìsí ìtọ́sọ́nà rẹ̀.","The royal title of the paramount ruler of Egbaland, seated in Abeokuta, uniting the various Egba sections under one crown.","oriki_idile","ogun;egba;lineage;royalty"
"93","Ataoja","all","yoruba","Àtáọ́já, orúkọ oyè Ọba Òsogbo,
Ọmọ tí ń darí ìlú tí odò Òsun ń ṣàkóso,
Àtáọ́já, a kì í sọ ìtàn Òsogbo láì kí ipò yìí,
Àtáọ́já, ọba tí àjọyọ̀ Òsun ń bọ̀wọ̀ fún ní ọdọọdún,
Àtáọ́já, a kì í fi ìlú Òsogbo sílẹ̀ láìsí olú-adé.","The royal title of the traditional ruler of Osogbo, closely tied to the sacred Osun River and its annual festival.","oriki_idile","osun;lineage;royalty;osogbo"
"94","Osemawe","all","yoruba","Òsẹ̀mawé, orúkọ oyè Ọba Ondó,
Ọmọ tí ń jókòó lórí ìtẹ́ tí Pupupu fi sílẹ̀,
Òsẹ̀mawé, a kì í sọ ìtàn Ondó láì kí ipò yìí,
Òsẹ̀mawé, ọba tí Lísà àti Ẹlẹ́mọ ń ràn án lọ́wọ́ ìjọba,
Òsẹ̀mawé, a kì í fi ìlú Ondó sílẹ̀ láìsí olú-adé.","The royal title of the traditional ruler of Ondo town, historically assisted by the Lisa and other chieftaincy ranks.","oriki_idile","ondo;lineage;royalty"
"95","Olowu","all","yoruba","Ọlọ́wù, orúkọ oyè Ọba Owu,
Ọmọ tí ìran rẹ̀ ti Ilé-Ifẹ̀ wá gẹ́gẹ́ bí àwọn ọba Yorùbá mìíràn,
Ọlọ́wù, a kì í sọ ìtàn Ogun Owu láì dárúkọ ipò yìí,
Ọlọ́wù, ọba tí ìlú rẹ̀ túká lákọ̀tán, tí ó sì tún padà dìde ní Abéòkúta,
Ọlọ́wù, a kì í ka ìtàn ìṣílọ àwọn Yorùbá ní ọ̀rúndún kọkàndínlógún láì dárúkọ Owu.","The royal title of the ruler of the ancient Owu kingdom, whose 19th-century war and dispersal reshaped much of Yorubaland's settlement history, including the founding of parts of Abeokuta.","oriki_idile","ogun;owu;lineage;royalty"
"96","Iyalode","all","yoruba","Ìyálóde, orúkọ oyè obìnrin gíga ní àwọn ìlú Yorùbá,
Ọmọ tí ń darí gbogbo àwọn obìnrin ìlú ní ọ̀rọ̀ òwò àti ìjọba,
Ìyálóde, a kì í ṣe ìpinnu ìlú láìsí ohùn rẹ̀,
Ìyálóde, ẹni tí ipò rẹ̀ dọ́gba pẹ̀lú àwọn Baálẹ̀ ní ọ̀pọ̀ ìlú,
Ìyálóde, a kì í sọ ìtàn àwọn obìnrin alágbára Yorùbá láì dárúkọ oyè yìí.","A senior chieftaincy title held by a woman in many Yoruba towns, representing women's interests and holding real political authority within the traditional council.","oriki_idile","lineage;chieftaincy;women"
"97","Are Ona Kakanfo","all","yoruba","Àrẹ̀-Ọ̀nà-Kakanfò, orúkọ oyè Balógun-ológun gíga ìjọba Ọ̀yọ́,
Ọmọ tí a fún ní àṣẹ láti darí gbogbo ẹgbẹ́ ológun ìjọba,
Àrẹ̀-Ọ̀nà-Kakanfò, a kì í gbé ní Ọ̀yọ́-Ilé fúnra rẹ̀, kí ó má bàa dìjà pẹ̀lú Aláàfin,
Àrẹ̀-Ọ̀nà-Kakanfò, ẹni tí Afọ́njá àti Latòósà jọ ti dá lórúkọ,
Àrẹ̀-Ọ̀nà-Kakanfò, a kì í sọ ìtàn ológun Ọ̀yọ́ ìgbàanì láì dárúkọ oyè yìí.","The supreme military generalissimo title of the Old Oyo Empire, held outside the capital to balance power between army and throne; borne historically by figures such as Afonja and Latoosa.","oriki_idile","oyo;lineage;warrior;chieftaincy"
"98","Kurunmi","all","yoruba","Kúrúnmí, Ààre-Ọ̀nà-Kakanfò Ìjàyè, akin ológun ìjà Ẹ̀kọ́-Ìjàyè,
Ọmọ tí kò gbà kí Aláàfin dá àṣẹ lé e lórí láìsí ìjà,
Kúrúnmí, a kì í kọ ogun sílẹ̀, tí orúkọ rẹ̀ dúró fún ìgboyà Ìjàyè,
Kúrúnmí, ọmọ tí ó jà de òpin ẹ̀mí rẹ̀ nínú Ogun Ìjàyè,
Kúrúnmí, a kì í ka ìtàn ìjà agbedeméjì Ọ̀yọ́ àti Ìbàdàn láì dárúkọ rẹ̀.","A powerful 19th-century Ijaye warlord and Are Ona Kakanfo who resisted Ibadan's growing dominance, remembered for his defiance and his death defending Ijaye.","oriki_idile","oyo;ijaye;lineage;warrior"
"99","Efunsetan Aniwura","all","yoruba","Èfúnsetán Aníwúrà, Ìyálóde Ìbàdàn, ọmọ oníṣòwò ẹrú àti ọ̀gbìn tí ọrọ̀ rẹ̀ gbilẹ̀,
Ọmọ obìnrin tí agbára rẹ̀ dọ́gba pẹ̀lú àwọn Baálẹ̀ ológun,
Èfúnsetán, a kì í fi ọ̀rọ̀ rẹ̀ ṣe kékeré láàrin ìgbìmọ̀ Ìbàdàn,
Èfúnsetán, ẹni tí ilé rẹ̀ ní Ìbàdàn kún fún ẹrú àti ọrọ̀ ajé ní ọ̀rúndún kọkàndínlógún,
Èfúnsetán Aníwúrà, a kì í sọ ìtàn àwọn obìnrin alágbára Ìbàdàn láì dárúkọ rẹ̀.","A powerful and wealthy 19th-century Iyalode (women's chief) of Ibadan, remembered as one of the most formidable female political and commercial figures in Yoruba history.","oriki_idile","oyo;ibadan;lineage;women"
"100","Moremi Ajasoro","all","yoruba","Móremí Àjàṣorò, ọba-obìnrin Ilé-Ifẹ̀, akíkanjú tí ó gba ẹ̀mí rẹ̀ wọ́n fún ìlú,
Ọmọ tí ó fi ara rẹ̀ rúbọ láti gba àṣírí àwọn Ùgbò tí ń dojú ìjà kọ Ifẹ̀,
Móremí, a kì í sọ ìtàn ìgboyà obìnrin Yorùbá láì dárúkọ rẹ̀,
Móremí, ọmọ tí orúkọ rẹ̀ di àpẹẹrẹ ìfẹ́ orílẹ̀-èdè títí di òní,
Móremí Àjàṣorò, a kì í ka àwọn akin Ifẹ̀ àtijọ́ láì kọ́kọ́ dárúkọ rẹ̀.","A legendary Ife queen celebrated for her courageous sacrifice to save Ile-Ife from invaders, remembered today as an enduring symbol of patriotism and bravery.","oriki_idile","osun;ife;lineage;heroine"
